sr_no,prayer_date,suhoor_end,fajr_begin,sunrise_begin,zawaal_begin,zuhr_begin,asr_begin,sunset_begin,maghrib_begin,isha_begin,fajr_jamaat,zuhr_jamaat,asr_jamaat,maghrib_jamaat,isha_jamaat,jumu-ah_jamaat,eid_jamaat
1,01-Jan,6:33 AM,6:38 AM,8:18 AM,12:13 PM,12:19 PM,2:29 PM,4:15 PM,4:18 PM,5:54 PM,7:00 AM,1:00 PM,3:00 PM,4:18 PM,6:30 PM,1:00 PM,9:00 AM
2,02-Jan,6:33 AM,6:38 AM,8:18 AM,12:13 PM,12:19 PM,2:29 PM,4:16 PM,4:19 PM,5:54 PM,7:00 AM,1:00 PM,3:00 PM,4:19 PM,6:30 PM,1:00 PM,9:00 AM
3,03-Jan,6:33 AM,6:38 AM,8:18 AM,12:14 PM,12:20 PM,2:32 PM,4:17 PM,4:20 PM,5:55 PM,7:00 AM,1:00 PM,3:00 PM,4:20 PM,6:30 PM,1:00 PM,9:00 AM
4,04-Jan,6:32 AM,6:37 AM,8:17 AM,12:14 PM,12:20 PM,2:33 PM,4:18 PM,4:21 PM,5:56 PM,7:00 AM,1:00 PM,3:00 PM,4:21 PM,6:30 PM,1:00 PM,9:00 AM
5,05-Jan,6:32 AM,6:37 AM,8:17 AM,12:15 PM,12:21 PM,2:34 PM,4:19 PM,4:22 PM,5:57 PM,7:00 AM,1:00 PM,3:00 PM,4:22 PM,6:30 PM,1:00 PM,9:00 AM
6,06-Jan,6:32 AM,6:37 AM,8:17 AM,12:15 PM,12:21 PM,2:35 PM,4:20 PM,4:23 PM,5:58 PM,7:00 AM,1:00 PM,3:00 PM,4:23 PM,6:30 PM,1:00 PM,9:00 AM
7,07-Jan,6:32 AM,6:37 AM,8:16 AM,12:16 PM,12:22 PM,2:36 PM,4:22 PM,4:25 PM,5:59 PM,7:00 AM,1:00 PM,3:00 PM,4:25 PM,6:30 PM,1:00 PM,9:00 AM
8,08-Jan,6:31 AM,6:36 AM,8:16 AM,12:16 PM,12:22 PM,2:38 PM,4:23 PM,4:26 PM,6:00 PM,7:00 AM,1:00 PM,3:00 PM,4:26 PM,6:30 PM,1:00 PM,9:00 AM
9,09-Jan,6:31 AM,6:36 AM,8:16 AM,12:17 PM,12:23 PM,2:39 PM,4:24 PM,4:27 PM,6:01 PM,7:00 AM,1:00 PM,3:00 PM,4:27 PM,6:30 PM,1:00 PM,9:00 AM
10,10-Jan,6:31 AM,6:36 AM,8:15 AM,12:17 PM,12:23 PM,2:40 PM,4:26 PM,4:29 PM,6:03 PM,7:00 AM,1:00 PM,3:00 PM,4:29 PM,6:30 PM,1:00 PM,9:00 AM
11,11-Jan,6:30 AM,6:35 AM,8:14 AM,12:17 PM,12:23 PM,2:42 PM,4:27 PM,4:30 PM,6:04 PM,7:00 AM,1:00 PM,3:15 PM,4:30 PM,6:45 PM,1:00 PM,9:00 AM
12,12-Jan,6:30 AM,6:35 AM,8:14 AM,12:18 PM,12:24 PM,2:43 PM,4:29 PM,4:32 PM,6:05 PM,7:00 AM,1:00 PM,3:15 PM,4:32 PM,6:45 PM,1:00 PM,9:00 AM
13,13-Jan,6:29 AM,6:34 AM,8:13 AM,12:18 PM,12:24 PM,2:44 PM,4:30 PM,4:33 PM,6:06 PM,7:00 AM,1:00 PM,3:15 PM,4:33 PM,6:45 PM,1:00 PM,9:00 AM
14,14-Jan,6:28 AM,6:33 AM,8:12 AM,12:19 PM,12:25 PM,2:46 PM,4:32 PM,4:35 PM,6:07 PM,7:00 AM,1:00 PM,3:15 PM,4:35 PM,6:45 PM,1:00 PM,9:00 AM
15,15-Jan,6:28 AM,6:33 AM,8:12 AM,12:19 PM,12:25 PM,2:47 PM,4:33 PM,4:36 PM,6:09 PM,7:00 AM,1:00 PM,3:15 PM,4:36 PM,6:45 PM,1:00 PM,9:00 AM
16,16-Jan,6:27 AM,6:32 AM,8:11 AM,12:19 PM,12:25 PM,2:49 PM,4:35 PM,4:38 PM,6:10 PM,7:00 AM,1:00 PM,3:15 PM,4:38 PM,6:45 PM,1:00 PM,9:00 AM
17,17-Jan,6:26 AM,6:31 AM,8:10 AM,12:20 PM,12:26 PM,2:50 PM,4:36 PM,4:39 PM,6:11 PM,7:00 AM,1:00 PM,3:15 PM,4:39 PM,6:45 PM,1:00 PM,9:00 AM
18,18-Jan,6:25 AM,6:30 AM,8:09 AM,12:20 PM,12:26 PM,2:52 PM,4:38 PM,4:41 PM,6:13 PM,7:00 AM,1:00 PM,3:30 PM,4:41 PM,6:45 PM,1:00 PM,9:00 AM
19,19-Jan,6:24 AM,6:29 AM,8:08 AM,12:20 PM,12:26 PM,2:54 PM,4:39 PM,4:42 PM,6:14 PM,7:00 AM,1:00 PM,3:30 PM,4:42 PM,6:45 PM,1:00 PM,9:00 AM
20,20-Jan,6:23 AM,6:28 AM,8:07 AM,12:21 PM,12:27 PM,2:55 PM,4:41 PM,4:44 PM,6:16 PM,7:00 AM,1:00 PM,3:30 PM,4:44 PM,6:45 PM,1:00 PM,9:00 AM
21,21-Jan,6:22 AM,6:27 AM,8:06 AM,12:21 PM,12:27 PM,2:57 PM,4:43 PM,4:46 PM,6:17 PM,7:00 AM,1:00 PM,3:30 PM,4:46 PM,6:45 PM,1:00 PM,9:00 AM
22,22-Jan,6:21 AM,6:26 AM,8:05 AM,12:21 PM,12:27 PM,2:58 PM,4:45 PM,4:48 PM,6:18 PM,7:00 AM,1:00 PM,3:30 PM,4:48 PM,6:45 PM,1:00 PM,9:00 AM
23,23-Jan,6:20 AM,6:25 AM,8:03 AM,12:21 PM,12:27 PM,3:00 PM,4:46 PM,4:49 PM,6:20 PM,7:00 AM,1:00 PM,3:30 PM,4:49 PM,6:45 PM,1:00 PM,9:00 AM
24,24-Jan,6:19 AM,6:24 AM,8:02 AM,12:22 PM,12:28 PM,3:02 PM,4:48 PM,4:51 PM,6:21 PM,7:00 AM,1:00 PM,3:30 PM,4:51 PM,6:45 PM,1:00 PM,9:00 AM
25,25-Jan,6:18 AM,6:23 AM,8:01 AM,12:22 PM,12:28 PM,3:03 PM,4:50 PM,4:53 PM,6:23 PM,7:00 AM,1:00 PM,3:30 PM,4:53 PM,6:45 PM,1:00 PM,9:00 AM
26,26-Jan,6:17 AM,6:22 AM,8:00 AM,12:22 PM,12:28 PM,3:05 PM,4:52 PM,4:54 PM,6:24 PM,7:00 AM,1:00 PM,3:30 PM,4:54 PM,6:45 PM,1:00 PM,9:00 AM
27,27-Jan,6:16 AM,6:21 AM,7:58 AM,12:22 PM,12:28 PM,3:07 PM,4:53 PM,4:56 PM,6:26 PM,7:00 AM,1:00 PM,3:30 PM,4:56 PM,6:45 PM,1:00 PM,9:00 AM
28,28-Jan,6:14 AM,6:19 AM,7:57 AM,12:22 PM,12:28 PM,3:08 PM,4:55 PM,4:58 PM,6:27 PM,7:00 AM,1:00 PM,3:30 PM,4:58 PM,6:45 PM,1:00 PM,9:00 AM
29,29-Jan,6:13 AM,6:18 AM,7:56 AM,12:23 PM,12:29 PM,3:10 PM,4:57 PM,5:00 PM,6:29 PM,7:00 AM,1:00 PM,3:30 PM,5:00 PM,6:45 PM,1:00 PM,9:00 AM
30,30-Jan,6:12 AM,6:17 AM,7:54 AM,12:23 PM,12:29 PM,3:12 PM,4:59 PM,5:02 PM,6:31 PM,7:00 AM,1:00 PM,3:30 PM,5:02 PM,6:45 PM,1:00 PM,9:00 AM
31,31-Jan,6:10 AM,6:15 AM,7:53 AM,12:23 PM,12:29 PM,3:12 PM,5:00 PM,5:03 PM,6:32 PM,7:00 AM,1:00 PM,3:30 PM,5:03 PM,6:45 PM,1:00 PM,9:00 AM
32,01-Feb,6:09 AM,6:14 AM,7:51 AM,12:23 PM,12:29 PM,3:15 PM,5:02 PM,5:05 PM,6:34 PM,7:00 AM,1:00 PM,3:45 PM,5:05 PM,7:00 PM,1:00 PM,9:00 AM
33,02-Feb,6:07 AM,6:12 AM,7:50 AM,12:23 PM,12:29 PM,3:17 PM,5:04 PM,5:07 PM,6:35 PM,7:00 AM,1:00 PM,3:45 PM,5:07 PM,7:00 PM,1:00 PM,9:00 AM
34,03-Feb,6:06 AM,6:11 AM,7:48 AM,12:23 PM,12:29 PM,3:19 PM,5:06 PM,5:09 PM,6:37 PM,7:00 AM,1:00 PM,3:45 PM,5:09 PM,7:00 PM,1:00 PM,9:00 AM
35,04-Feb,6:05 AM,6:10 AM,7:47 AM,12:23 PM,12:29 PM,3:20 PM,5:07 PM,5:10 PM,6:38 PM,7:00 AM,1:00 PM,3:45 PM,5:10 PM,7:00 PM,1:00 PM,9:00 AM
36,05-Feb,6:03 AM,6:08 AM,7:45 AM,12:23 PM,12:29 PM,3:22 PM,5:09 PM,5:12 PM,6:40 PM,7:00 AM,1:00 PM,3:45 PM,5:12 PM,7:00 PM,1:00 PM,9:00 AM
37,06-Feb,6:01 AM,6:06 AM,7:43 AM,12:24 PM,12:30 PM,3:24 PM,5:11 PM,5:14 PM,6:42 PM,7:00 AM,1:00 PM,3:45 PM,5:14 PM,7:00 PM,1:00 PM,9:00 AM
38,07-Feb,6:00 AM,6:05 AM,7:43 AM,12:24 PM,12:30 PM,3:25 PM,5:13 PM,5:16 PM,6:43 PM,7:00 AM,1:00 PM,3:45 PM,5:16 PM,7:00 PM,1:00 PM,9:00 AM
39,08-Feb,5:58 AM,6:03 AM,7:40 AM,12:24 PM,12:30 PM,3:27 PM,5:15 PM,5:18 PM,6:45 PM,7:00 AM,1:00 PM,4:00 PM,5:18 PM,7:00 PM,1:00 PM,9:00 AM
40,09-Feb,5:57 AM,6:02 AM,7:38 AM,12:24 PM,12:30 PM,3:29 PM,5:17 PM,5:20 PM,6:46 PM,7:00 AM,1:00 PM,4:00 PM,5:20 PM,7:00 PM,1:00 PM,9:00 AM
41,10-Feb,5:55 AM,6:00 AM,7:36 AM,12:24 PM,12:30 PM,3:31 PM,5:19 PM,5:22 PM,6:48 PM,7:00 AM,1:00 PM,4:00 PM,5:22 PM,7:00 PM,1:00 PM,9:00 AM
42,11-Feb,5:53 AM,5:58 AM,7:35 AM,12:24 PM,12:30 PM,3:32 PM,5:20 PM,5:23 PM,6:49 PM,7:00 AM,1:00 PM,4:00 PM,5:23 PM,7:00 PM,1:00 PM,9:00 AM
43,12-Feb,5:51 AM,5:56 AM,7:32 AM,12:24 PM,12:30 PM,3:34 PM,5:22 PM,5:25 PM,6:51 PM,7:00 AM,1:00 PM,4:00 PM,5:25 PM,7:00 PM,1:00 PM,9:00 AM
44,13-Feb,5:50 AM,5:55 AM,7:31 AM,12:24 PM,12:30 PM,3:36 PM,5:24 PM,5:27 PM,6:53 PM,7:00 AM,1:00 PM,4:00 PM,5:27 PM,7:00 PM,1:00 PM,9:00 AM
45,14-Feb,5:48 AM,5:53 AM,7:29 AM,12:24 PM,12:30 PM,3:37 PM,5:26 PM,5:29 PM,6:54 PM,7:00 AM,1:00 PM,4:00 PM,5:29 PM,7:00 PM,1:00 PM,9:00 AM
46,15-Feb,5:46 AM,5:51 AM,7:27 AM,12:24 PM,12:30 PM,3:39 PM,5:28 PM,5:31 PM,6:56 PM,7:00 AM,1:00 PM,4:00 PM,5:31 PM,7:00 PM,1:00 PM,9:00 AM
47,16-Feb,5:44 AM,5:49 AM,7:25 AM,12:24 PM,12:30 PM,3:41 PM,5:30 PM,5:33 PM,6:57 PM,6:45 AM,1:00 PM,4:15 PM,5:33 PM,7:15 PM,1:00 PM,9:00 AM
48,17-Feb,5:42 AM,5:47 AM,7:23 AM,12:23 PM,12:29 PM,3:42 PM,5:31 PM,5:34 PM,6:59 PM,6:45 AM,1:00 PM,4:15 PM,5:34 PM,7:15 PM,1:00 PM,9:00 AM
49,18-Feb,5:40 AM,5:45 AM,7:21 AM,12:23 PM,12:29 PM,3:44 PM,5:33 PM,5:36 PM,7:01 PM,6:45 AM,1:00 PM,4:15 PM,5:36 PM,7:15 PM,1:00 PM,9:00 AM
50,19-Feb,5:39 AM,5:44 AM,7:19 AM,12:23 PM,12:29 PM,3:46 PM,5:35 PM,5:38 PM,7:02 PM,6:45 AM,1:00 PM,4:15 PM,5:38 PM,7:15 PM,1:00 PM,9:00 AM
51,20-Feb,5:37 AM,5:42 AM,7:17 AM,12:23 PM,12:29 PM,3:47 PM,5:37 PM,5:40 PM,7:04 PM,6:45 AM,1:00 PM,4:15 PM,5:40 PM,7:15 PM,1:00 PM,9:00 AM
52,21-Feb,5:35 AM,5:40 AM,7:15 AM,12:23 PM,12:29 PM,3:49 PM,5:39 PM,5:42 PM,7:05 PM,6:45 AM,1:00 PM,4:15 PM,5:42 PM,7:15 PM,1:00 PM,9:00 AM
53,22-Feb,5:33 AM,5:38 AM,7:13 AM,12:23 PM,12:29 PM,3:51 PM,5:40 PM,5:43 PM,7:07 PM,6:30 AM,1:00 PM,4:30 PM,5:43 PM,7:30 PM,1:00 PM,9:00 AM
54,23-Feb,5:31 AM,5:36 AM,7:11 AM,12:23 PM,12:29 PM,3:52 PM,5:42 PM,5:45 PM,7:08 PM,6:30 AM,1:00 PM,4:30 PM,5:45 PM,7:30 PM,1:00 PM,9:00 AM
55,24-Feb,5:29 AM,5:34 AM,7:09 AM,12:23 PM,12:29 PM,3:54 PM,5:44 PM,5:47 PM,7:10 PM,6:30 AM,1:00 PM,4:30 PM,5:47 PM,7:30 PM,1:00 PM,9:00 AM
56,25-Feb,5:27 AM,5:32 AM,7:07 AM,12:23 PM,12:29 PM,3:56 PM,5:46 PM,5:49 PM,7:12 PM,6:30 AM,1:00 PM,4:30 PM,5:49 PM,7:30 PM,1:00 PM,9:00 AM
57,26-Feb,5:25 AM,5:30 AM,7:05 AM,12:22 PM,12:28 PM,3:57 PM,5:48 PM,5:51 PM,7:13 PM,6:30 AM,1:00 PM,4:30 PM,5:51 PM,7:30 PM,1:00 PM,9:00 AM
58,27-Feb,5:23 AM,5:28 AM,7:02 AM,12:22 PM,12:28 PM,3:59 PM,5:50 PM,5:53 PM,7:15 PM,6:30 AM,1:00 PM,4:30 PM,5:53 PM,7:30 PM,1:00 PM,9:00 AM
59,28-Feb,5:21 AM,5:26 AM,7:00 AM,12:22 PM,12:28 PM,4:00 PM,5:51 PM,5:54 PM,7:16 PM,6:30 AM,1:00 PM,4:30 PM,5:54 PM,7:30 PM,1:00 PM,9:00 AM
60,01-Mar,5:19 AM,5:24 AM,6:58 AM,12:22 PM,12:28 PM,4:01 PM,5:53 PM,5:56 PM,7:18 PM,6:15 AM,1:00 PM,4:45 PM,5:56 PM,7:45 PM,1:00 PM,9:00 AM
61,02-Mar,5:17 AM,5:22 AM,6:56 AM,12:22 PM,12:28 PM,4:03 PM,5:55 PM,5:58 PM,7:19 PM,6:15 AM,1:00 PM,4:45 PM,5:58 PM,7:45 PM,1:00 PM,9:00 AM
62,03-Mar,5:15 AM,5:20 AM,6:54 AM,12:21 PM,12:27 PM,4:05 PM,5:57 PM,6:00 PM,7:21 PM,6:15 AM,1:00 PM,4:45 PM,6:00 PM,7:45 PM,1:00 PM,9:00 AM
63,04-Mar,5:13 AM,5:18 AM,6:52 AM,12:21 PM,12:27 PM,4:06 PM,5:58 PM,6:01 PM,7:22 PM,6:15 AM,1:00 PM,5:00 PM,6:01 PM,7:45 PM,1:00 PM,9:00 AM
64,05-Mar,5:11 AM,5:16 AM,6:49 AM,12:21 PM,12:27 PM,4:08 PM,6:00 PM,6:03 PM,7:24 PM,6:15 AM,1:00 PM,5:00 PM,6:03 PM,7:45 PM,1:00 PM,9:00 AM
65,06-Mar,5:08 AM,5:13 AM,6:47 AM,12:21 PM,12:27 PM,4:09 PM,6:02 PM,6:05 PM,7:25 PM,6:15 AM,1:00 PM,5:00 PM,6:05 PM,7:45 PM,1:00 PM,9:00 AM
66,07-Mar,5:06 AM,5:11 AM,6:45 AM,12:21 PM,12:27 PM,4:11 PM,6:04 PM,6:07 PM,7:27 PM,6:15 AM,1:00 PM,5:00 PM,6:07 PM,7:45 PM,1:00 PM,9:00 AM
67,08-Mar,5:04 AM,5:09 AM,6:43 AM,12:20 PM,12:26 PM,4:12 PM,6:05 PM,6:08 PM,7:28 PM,6:00 AM,1:00 PM,5:00 PM,6:08 PM,8:00 PM,1:00 PM,9:00 AM
68,09-Mar,5:02 AM,5:07 AM,6:41 AM,12:20 PM,12:26 PM,4:14 PM,6:07 PM,6:10 PM,7:30 PM,6:00 AM,1:00 PM,5:00 PM,6:10 PM,8:00 PM,1:00 PM,9:00 AM
69,10-Mar,5:00 AM,5:05 AM,6:38 AM,12:20 PM,12:26 PM,4:15 PM,6:09 PM,6:12 PM,7:31 PM,6:00 AM,1:00 PM,5:00 PM,6:12 PM,8:00 PM,1:00 PM,9:00 AM
70,11-Mar,4:58 AM,5:03 AM,6:36 AM,12:20 PM,12:26 PM,4:17 PM,6:11 PM,6:14 PM,7:33 PM,6:00 AM,1:00 PM,5:00 PM,6:14 PM,8:00 PM,1:00 PM,9:00 AM
71,12-Mar,4:56 AM,5:01 AM,6:34 AM,12:19 PM,12:25 PM,4:18 PM,6:12 PM,6:15 PM,7:34 PM,6:00 AM,1:00 PM,5:00 PM,6:15 PM,8:00 PM,1:00 PM,9:00 AM
72,13-Mar,4:53 AM,4:58 AM,6:32 AM,12:19 PM,12:25 PM,4:19 PM,6:14 PM,6:17 PM,7:36 PM,6:00 AM,1:00 PM,5:00 PM,6:17 PM,8:00 PM,1:00 PM,9:00 AM
73,14-Mar,4:51 AM,4:56 AM,6:29 AM,12:19 PM,12:25 PM,4:21 PM,6:16 PM,6:19 PM,7:37 PM,6:00 AM,1:00 PM,5:00 PM,6:19 PM,8:00 PM,1:00 PM,9:00 AM
74,15-Mar,4:49 AM,4:54 AM,6:27 AM,12:18 PM,12:24 PM,4:22 PM,6:17 PM,6:20 PM,7:39 PM,5:45 AM,1:00 PM,5:00 PM,6:20 PM,8:00 PM,1:00 PM,9:00 AM
75,16-Mar,4:47 AM,4:52 AM,6:25 AM,12:18 PM,12:24 PM,4:22 PM,6:19 PM,6:22 PM,7:40 PM,5:45 AM,1:00 PM,5:00 PM,6:22 PM,8:00 PM,1:00 PM,9:00 AM
76,17-Mar,4:45 AM,4:50 AM,6:23 AM,12:18 PM,12:24 PM,4:25 PM,6:21 PM,6:24 PM,7:42 PM,5:45 AM,1:00 PM,5:00 PM,6:24 PM,8:00 PM,1:00 PM,9:00 AM
77,18-Mar,4:43 AM,4:48 AM,6:20 AM,12:18 PM,12:24 PM,4:26 PM,6:23 PM,6:26 PM,7:43 PM,5:45 AM,1:00 PM,5:00 PM,6:26 PM,8:00 PM,1:00 PM,9:00 AM
78,19-Mar,4:40 AM,4:45 AM,6:18 AM,12:17 PM,12:23 PM,4:28 PM,6:24 PM,6:27 PM,7:45 PM,5:45 AM,1:00 PM,5:00 PM,6:27 PM,8:00 PM,1:00 PM,9:00 AM
79,20-Mar,4:38 AM,4:43 AM,6:16 AM,12:17 PM,12:23 PM,4:29 PM,6:26 PM,6:29 PM,7:46 PM,5:45 AM,1:00 PM,5:00 PM,6:29 PM,8:00 PM,1:00 PM,9:00 AM
80,21-Mar,4:36 AM,4:41 AM,6:14 AM,12:17 PM,12:23 PM,4:30 PM,6:28 PM,6:31 PM,7:47 PM,5:45 AM,1:00 PM,5:00 PM,6:31 PM,8:00 PM,1:00 PM,9:00 AM
81,22-Mar,4:34 AM,4:39 AM,6:11 AM,12:16 PM,12:22 PM,4:32 PM,6:29 PM,6:32 PM,7:49 PM,5:30 AM,1:00 PM,5:00 PM,6:32 PM,8:15 PM,1:00 PM,9:00 AM
82,23-Mar,4:31 AM,4:36 AM,6:09 AM,12:16 PM,12:22 PM,4:33 PM,6:31 PM,6:34 PM,7:50 PM,5:30 AM,1:00 PM,5:00 PM,6:34 PM,8:15 PM,1:00 PM,9:00 AM
83,24-Mar,4:29 AM,4:34 AM,6:07 AM,12:16 PM,12:22 PM,4:34 PM,6:33 PM,6:36 PM,7:52 PM,5:30 AM,1:00 PM,5:00 PM,6:36 PM,8:15 PM,1:00 PM,9:00 AM
84,25-Mar,4:26 AM,4:31 AM,6:04 AM,12:15 PM,12:21 PM,4:36 PM,6:34 PM,6:37 PM,7:53 PM,5:30 AM,1:00 PM,5:00 PM,6:37 PM,8:15 PM,1:00 PM,9:00 AM
85,26-Mar,4:24 AM,4:29 AM,6:02 AM,12:15 PM,12:21 PM,4:37 PM,6:36 PM,6:39 PM,7:55 PM,5:30 AM,1:00 PM,5:00 PM,6:39 PM,8:15 PM,1:00 PM,9:00 AM
86,27-Mar,4:21 AM,4:26 AM,6:00 AM,12:15 PM,12:21 PM,4:38 PM,6:37 PM,6:40 PM,7:56 PM,5:30 AM,1:00 PM,5:00 PM,6:40 PM,8:15 PM,1:00 PM,9:00 AM
87,28-Mar,4:18 AM,4:23 AM,5:58 AM,12:15 PM,12:21 PM,4:39 PM,6:39 PM,6:42 PM,7:58 PM,5:30 AM,1:00 PM,5:00 PM,6:42 PM,8:15 PM,1:00 PM,9:00 AM
88,29-Mar,4:16 AM,4:21 AM,5:55 AM,12:14 PM,12:20 PM,4:41 PM,6:41 PM,6:44 PM,7:59 PM,5:30 AM,1:00 PM,5:00 PM,6:44 PM,8:15 PM,1:00 PM,9:00 AM
89,30-Mar,4:13 AM,4:18 AM,5:53 AM,12:14 PM,12:20 PM,4:42 PM,6:43 PM,6:46 PM,8:01 PM,5:30 AM,1:00 PM,6:15 PM,6:46 PM,8:15 PM,1:00 PM,9:00 AM
90,31-Mar,5:11 AM,5:16 AM,6:51 AM,1:14 PM,1:20 PM,5:43 PM,7:44 PM,7:47 PM,9:02 PM,6:15 AM,1:45 PM,6:15 PM,7:47 PM,9:30 PM,1:45 PM,9:00 AM
91,01-Apr,5:08 AM,5:13 AM,6:49 AM,1:13 PM,1:19 PM,5:44 PM,7:46 PM,7:49 PM,9:03 PM,6:15 AM,1:45 PM,6:15 PM,7:49 PM,9:30 PM,1:45 PM,9:00 AM
92,02-Apr,5:06 AM,5:11 AM,6:46 AM,1:13 PM,1:19 PM,5:45 PM,7:48 PM,7:51 PM,9:05 PM,6:15 AM,1:45 PM,6:15 PM,7:51 PM,9:30 PM,1:45 PM,9:00 AM
93,03-Apr,5:03 AM,5:08 AM,6:44 AM,1:13 PM,1:19 PM,5:45 PM,7:49 PM,7:52 PM,9:06 PM,6:15 AM,1:45 PM,6:15 PM,7:52 PM,9:30 PM,1:45 PM,9:00 AM
94,04-Apr,5:01 AM,5:06 AM,6:42 AM,1:13 PM,1:19 PM,5:46 PM,7:51 PM,7:54 PM,9:08 PM,6:15 AM,1:45 PM,6:15 PM,7:54 PM,9:30 PM,1:45 PM,9:00 AM
95,05-Apr,4:58 AM,5:03 AM,6:40 AM,1:12 PM,1:18 PM,5:49 PM,7:52 PM,7:55 PM,9:09 PM,6:00 AM,1:45 PM,6:30 PM,7:55 PM,9:30 PM,1:45 PM,9:00 AM
96,06-Apr,4:55 AM,5:00 AM,6:37 AM,1:12 PM,1:18 PM,5:50 PM,7:54 PM,7:57 PM,9:11 PM,6:00 AM,1:45 PM,6:30 PM,7:57 PM,9:30 PM,1:45 PM,9:00 AM
97,07-Apr,4:53 AM,4:58 AM,6:35 AM,1:12 PM,1:18 PM,5:51 PM,7:56 PM,7:59 PM,9:12 PM,6:00 AM,1:45 PM,6:30 PM,7:59 PM,9:30 PM,1:45 PM,9:00 AM
98,08-Apr,4:50 AM,4:55 AM,6:33 AM,1:11 PM,1:17 PM,5:52 PM,7:58 PM,8:01 PM,9:13 PM,6:00 AM,1:45 PM,6:30 PM,8:01 PM,9:30 PM,1:45 PM,9:00 AM
99,09-Apr,4:48 AM,4:53 AM,6:31 AM,1:11 PM,1:17 PM,5:54 PM,7:59 PM,8:02 PM,9:15 PM,6:00 AM,1:45 PM,6:30 PM,8:02 PM,9:30 PM,1:45 PM,9:00 AM
100,10-Apr,4:45 AM,4:50 AM,6:28 AM,1:11 PM,1:17 PM,5:55 PM,8:01 PM,8:04 PM,9:16 PM,6:00 AM,1:45 PM,6:30 PM,8:04 PM,9:30 PM,1:45 PM,9:00 AM
101,11-Apr,4:43 AM,4:48 AM,6:26 AM,1:11 PM,1:17 PM,5:56 PM,8:02 PM,8:05 PM,9:18 PM,6:00 AM,1:45 PM,6:30 PM,8:05 PM,9:30 PM,1:45 PM,9:00 AM
102,12-Apr,4:40 AM,4:45 AM,6:24 AM,1:10 PM,1:16 PM,5:57 PM,8:04 PM,8:07 PM,9:19 PM,5:45 AM,1:45 PM,7:00 PM,8:07 PM,9:45 PM,1:45 PM,9:00 AM
103,13-Apr,4:38 AM,4:43 AM,6:22 AM,1:10 PM,1:16 PM,5:58 PM,8:06 PM,8:09 PM,9:21 PM,5:45 AM,1:45 PM,7:00 PM,8:09 PM,9:45 PM,1:45 PM,9:00 AM
104,14-Apr,4:35 AM,4:40 AM,6:20 AM,1:10 PM,1:16 PM,5:59 PM,8:08 PM,8:11 PM,9:22 PM,5:45 AM,1:45 PM,7:00 PM,8:11 PM,9:45 PM,1:45 PM,9:00 AM
105,15-Apr,4:33 AM,4:38 AM,6:18 AM,1:10 PM,1:16 PM,6:00 PM,8:09 PM,8:12 PM,9:23 PM,5:45 AM,1:45 PM,7:00 PM,8:12 PM,9:45 PM,1:45 PM,9:00 AM
106,16-Apr,4:31 AM,4:36 AM,6:16 AM,1:09 PM,1:15 PM,6:01 PM,8:11 PM,8:14 PM,9:25 PM,5:45 AM,1:45 PM,7:00 PM,8:14 PM,9:45 PM,1:45 PM,9:00 AM
107,17-Apr,4:28 AM,4:33 AM,6:13 AM,1:09 PM,1:15 PM,6:02 PM,8:12 PM,8:15 PM,9:26 PM,5:45 AM,1:45 PM,7:00 PM,8:15 PM,9:45 PM,1:45 PM,9:00 AM
108,18-Apr,4:26 AM,4:31 AM,6:11 AM,1:09 PM,1:15 PM,6:03 PM,8:14 PM,8:17 PM,9:28 PM,5:45 AM,1:45 PM,7:00 PM,8:17 PM,9:45 PM,1:45 PM,9:00 AM
109,19-Apr,4:23 AM,4:28 AM,6:09 AM,1:09 PM,1:15 PM,6:05 PM,8:17 PM,8:20 PM,9:29 PM,5:30 AM,1:45 PM,7:00 PM,8:20 PM,9:45 PM,1:45 PM,9:00 AM
110,20-Apr,4:21 AM,4:26 AM,6:07 AM,1:08 PM,1:14 PM,6:06 PM,8:18 PM,8:21 PM,9:31 PM,5:30 AM,1:45 PM,7:00 PM,8:21 PM,9:45 PM,1:45 PM,9:00 AM
111,21-Apr,4:18 AM,4:23 AM,6:05 AM,1:08 PM,1:14 PM,6:07 PM,8:19 PM,8:22 PM,9:32 PM,5:30 AM,1:45 PM,7:00 PM,8:22 PM,9:45 PM,1:45 PM,9:00 AM
112,22-Apr,4:16 AM,4:21 AM,6:03 AM,1:08 PM,1:14 PM,6:08 PM,8:21 PM,8:24 PM,9:34 PM,5:30 AM,1:45 PM,7:00 PM,8:24 PM,9:45 PM,1:45 PM,9:00 AM
113,23-Apr,4:14 AM,4:19 AM,6:01 AM,1:08 PM,1:14 PM,6:09 PM,8:22 PM,8:25 PM,9:35 PM,5:30 AM,1:45 PM,7:00 PM,8:25 PM,9:45 PM,1:45 PM,9:00 AM
114,24-Apr,4:11 AM,4:16 AM,5:59 AM,1:08 PM,1:14 PM,6:10 PM,8:24 PM,8:27 PM,9:36 PM,5:30 AM,1:45 PM,7:00 PM,8:27 PM,9:45 PM,1:45 PM,9:00 AM
115,25-Apr,4:09 AM,4:14 AM,5:57 AM,1:07 PM,1:13 PM,6:11 PM,8:26 PM,8:29 PM,9:38 PM,5:30 AM,1:45 PM,7:00 PM,8:29 PM,9:45 PM,1:45 PM,9:00 AM
116,26-Apr,4:07 AM,4:12 AM,5:55 AM,1:07 PM,1:13 PM,6:12 PM,8:27 PM,8:30 PM,9:39 PM,5:15 AM,1:45 PM,7:00 PM,8:30 PM,10:00 PM,1:45 PM,9:00 AM
117,27-Apr,4:05 AM,4:10 AM,5:53 AM,1:07 PM,1:13 PM,6:13 PM,8:29 PM,8:32 PM,9:41 PM,5:15 AM,1:45 PM,7:00 PM,8:32 PM,10:00 PM,1:45 PM,9:00 AM
118,28-Apr,4:02 AM,4:07 AM,5:51 AM,1:07 PM,1:13 PM,6:14 PM,8:31 PM,8:34 PM,9:42 PM,5:15 AM,1:45 PM,7:00 PM,8:34 PM,10:00 PM,1:45 PM,9:00 AM
119,29-Apr,4:00 AM,4:05 AM,5:49 AM,1:07 PM,1:13 PM,6:15 PM,8:32 PM,8:35 PM,9:43 PM,5:15 AM,1:45 PM,7:00 PM,8:35 PM,10:00 PM,1:45 PM,9:00 AM
120,30-Apr,3:58 AM,4:03 AM,5:47 AM,1:07 PM,1:13 PM,6:16 PM,8:34 PM,8:37 PM,9:45 PM,5:15 AM,1:45 PM,7:00 PM,8:37 PM,10:00 PM,1:45 PM,9:00 AM
121,01-May,3:56 AM,4:01 AM,5:45 AM,1:07 PM,1:13 PM,6:17 PM,8:36 PM,8:39 PM,9:46 PM,5:00 AM,1:45 PM,7:00 PM,8:39 PM,10:15 PM,1:45 PM,9:00 AM
122,02-May,3:54 AM,3:59 AM,5:43 AM,1:07 PM,1:13 PM,6:17 PM,8:37 PM,8:40 PM,9:48 PM,5:00 AM,1:45 PM,7:00 PM,8:40 PM,10:15 PM,1:45 PM,9:00 AM
123,03-May,3:51 AM,3:56 AM,5:42 AM,1:06 PM,1:12 PM,6:18 PM,8:39 PM,8:42 PM,9:49 PM,5:00 AM,1:45 PM,7:00 PM,8:42 PM,10:15 PM,1:45 PM,9:00 AM
124,04-May,3:49 AM,3:54 AM,5:40 AM,1:06 PM,1:12 PM,6:20 PM,8:41 PM,8:44 PM,9:50 PM,5:00 AM,1:45 PM,7:00 PM,8:44 PM,10:15 PM,1:45 PM,9:00 AM
125,05-May,3:47 AM,3:52 AM,5:38 AM,1:06 PM,1:12 PM,6:21 PM,8:42 PM,8:45 PM,9:52 PM,5:00 AM,1:45 PM,7:00 PM,8:45 PM,10:15 PM,1:45 PM,9:00 AM
126,06-May,3:45 AM,3:50 AM,5:36 AM,1:06 PM,1:12 PM,6:22 PM,8:44 PM,8:47 PM,9:53 PM,5:00 AM,1:45 PM,7:00 PM,8:47 PM,10:15 PM,1:45 PM,9:00 AM
127,07-May,3:43 AM,3:48 AM,5:34 AM,1:06 PM,1:12 PM,6:23 PM,8:45 PM,8:48 PM,9:55 PM,5:00 AM,1:45 PM,7:00 PM,8:48 PM,10:15 PM,1:45 PM,9:00 AM
128,08-May,3:41 AM,3:46 AM,5:33 AM,1:06 PM,1:12 PM,6:24 PM,8:47 PM,8:50 PM,9:57 PM,5:00 AM,1:45 PM,7:00 PM,8:50 PM,10:15 PM,1:45 PM,9:00 AM
129,09-May,3:39 AM,3:44 AM,5:31 AM,1:06 PM,1:12 PM,6:25 PM,8:49 PM,8:52 PM,9:58 PM,5:00 AM,1:45 PM,7:00 PM,8:52 PM,10:15 PM,1:45 PM,9:00 AM
130,10-May,3:37 AM,3:42 AM,5:29 AM,1:06 PM,1:12 PM,6:26 PM,8:50 PM,8:53 PM,10:00 PM,4:45 AM,1:45 PM,7:00 PM,8:53 PM,10:30 PM,1:45 PM,9:00 AM
131,11-May,3:35 AM,3:40 AM,5:28 AM,1:06 PM,1:12 PM,6:27 PM,8:52 PM,8:55 PM,10:02 PM,4:45 AM,1:45 PM,7:00 PM,8:55 PM,10:30 PM,1:45 PM,9:00 AM
132,12-May,3:33 AM,3:38 AM,5:26 AM,1:06 PM,1:12 PM,6:28 PM,8:53 PM,8:56 PM,10:04 PM,4:45 AM,1:45 PM,7:00 PM,8:56 PM,10:30 PM,1:45 PM,9:00 AM
133,13-May,3:31 AM,3:36 AM,5:24 AM,1:06 PM,1:12 PM,6:29 PM,8:55 PM,8:58 PM,10:06 PM,4:45 AM,1:45 PM,7:00 PM,8:58 PM,10:30 PM,1:45 PM,9:00 AM
134,14-May,3:30 AM,3:35 AM,5:23 AM,1:06 PM,1:12 PM,6:30 PM,8:56 PM,8:59 PM,10:08 PM,4:45 AM,1:45 PM,7:00 PM,8:59 PM,10:30 PM,1:45 PM,9:00 AM
135,15-May,3:28 AM,3:33 AM,5:21 AM,1:06 PM,1:12 PM,6:31 PM,8:58 PM,9:01 PM,10:10 PM,4:45 AM,1:45 PM,7:00 PM,9:01 PM,10:30 PM,1:45 PM,9:00 AM
136,16-May,3:26 AM,3:31 AM,5:20 AM,1:06 PM,1:12 PM,6:31 PM,8:59 PM,9:02 PM,10:11 PM,4:45 AM,1:45 PM,7:00 PM,9:02 PM,10:30 PM,1:45 PM,9:00 AM
137,17-May,3:24 AM,3:29 AM,5:18 AM,1:06 PM,1:12 PM,6:31 PM,9:01 PM,9:04 PM,10:13 PM,4:30 AM,1:45 PM,7:00 PM,9:04 PM,10:40 PM,1:45 PM,9:00 AM
138,18-May,3:23 AM,3:28 AM,5:17 AM,1:06 PM,1:12 PM,6:32 PM,9:02 PM,9:05 PM,10:15 PM,4:30 AM,1:45 PM,7:00 PM,9:05 PM,10:40 PM,1:45 PM,9:00 AM
139,19-May,3:21 AM,3:26 AM,5:16 AM,1:06 PM,1:12 PM,6:34 PM,9:04 PM,9:07 PM,10:17 PM,4:30 AM,1:45 PM,7:00 PM,9:07 PM,10:40 PM,1:45 PM,9:00 AM
140,20-May,3:19 AM,3:24 AM,5:14 AM,1:06 PM,1:12 PM,6:35 PM,9:05 PM,9:08 PM,10:18 PM,4:30 AM,1:45 PM,7:00 PM,9:08 PM,10:40 PM,1:45 PM,9:00 AM
141,21-May,3:18 AM,3:23 AM,5:13 AM,1:06 PM,1:12 PM,6:36 PM,9:06 PM,9:09 PM,10:20 PM,4:30 AM,1:45 PM,7:00 PM,9:09 PM,10:40 PM,1:45 PM,9:00 AM
142,22-May,3:16 AM,3:21 AM,5:12 AM,1:06 PM,1:12 PM,6:36 PM,9:08 PM,9:11 PM,10:22 PM,4:30 AM,1:45 PM,7:00 PM,9:11 PM,10:40 PM,1:45 PM,9:00 AM
143,23-May,3:15 AM,3:20 AM,5:11 AM,1:06 PM,1:12 PM,6:37 PM,9:09 PM,9:12 PM,10:23 PM,4:30 AM,1:45 PM,7:00 PM,9:12 PM,10:40 PM,1:45 PM,9:00 AM
144,24-May,3:13 AM,3:18 AM,5:09 AM,1:06 PM,1:12 PM,6:38 PM,9:11 PM,9:14 PM,10:25 PM,4:30 AM,1:45 PM,7:00 PM,9:14 PM,10:45 PM,1:45 PM,9:00 AM
145,25-May,3:12 AM,3:17 AM,5:08 AM,1:06 PM,1:12 PM,6:39 PM,9:12 PM,9:15 PM,10:27 PM,4:30 AM,1:45 PM,7:00 PM,9:15 PM,10:45 PM,1:45 PM,9:00 AM
146,26-May,3:10 AM,3:15 AM,5:07 AM,1:07 PM,1:13 PM,6:40 PM,9:13 PM,9:16 PM,10:28 PM,4:30 AM,1:45 PM,7:00 PM,9:16 PM,10:45 PM,1:45 PM,9:00 AM
147,27-May,3:09 AM,3:14 AM,5:06 AM,1:07 PM,1:13 PM,6:40 PM,9:14 PM,9:17 PM,10:30 PM,4:30 AM,1:45 PM,7:00 PM,9:17 PM,10:45 PM,1:45 PM,9:00 AM
148,28-May,3:08 AM,3:13 AM,5:05 AM,1:07 PM,1:13 PM,6:41 PM,9:16 PM,9:19 PM,10:31 PM,4:30 AM,1:45 PM,7:00 PM,9:19 PM,10:45 PM,1:45 PM,9:00 AM
149,29-May,3:07 AM,3:12 AM,5:04 AM,1:07 PM,1:13 PM,6:42 PM,9:17 PM,9:20 PM,10:33 PM,4:30 AM,1:45 PM,7:00 PM,9:20 PM,10:45 PM,1:45 PM,9:00 AM
150,30-May,3:05 AM,3:10 AM,5:03 AM,1:07 PM,1:13 PM,6:42 PM,9:18 PM,9:21 PM,10:34 PM,4:30 AM,1:45 PM,7:00 PM,9:21 PM,10:45 PM,1:45 PM,9:00 AM
151,31-May,3:04 AM,3:09 AM,5:02 AM,1:07 PM,1:13 PM,6:43 PM,9:19 PM,9:22 PM,10:36 PM,4:30 AM,1:45 PM,7:00 PM,9:22 PM,10:45 PM,1:45 PM,9:00 AM
152,01-Jun,3:03 AM,3:08 AM,5:02 AM,1:07 PM,1:13 PM,6:43 PM,9:20 PM,9:23 PM,10:37 PM,4:30 AM,1:45 PM,7:00 PM,9:23 PM,10:50 PM,1:45 PM,9:00 AM
153,02-Jun,3:02 AM,3:07 AM,5:01 AM,1:07 PM,1:13 PM,6:44 PM,9:21 PM,9:24 PM,10:39 PM,4:30 AM,1:45 PM,7:00 PM,9:24 PM,10:50 PM,1:45 PM,9:00 AM
154,03-Jun,3:01 AM,3:06 AM,5:00 AM,1:08 PM,1:14 PM,6:45 PM,9:22 PM,9:25 PM,10:40 PM,4:30 AM,1:45 PM,7:00 PM,9:25 PM,10:50 PM,1:45 PM,9:00 AM
155,04-Jun,3:00 AM,3:05 AM,4:59 AM,1:08 PM,1:14 PM,6:46 PM,9:23 PM,9:26 PM,10:41 PM,4:30 AM,1:45 PM,7:00 PM,9:26 PM,10:50 PM,1:45 PM,9:00 AM
156,05-Jun,2:59 AM,3:04 AM,4:59 AM,1:08 PM,1:14 PM,6:46 PM,9:24 PM,9:27 PM,10:43 PM,4:30 AM,1:45 PM,7:00 PM,9:27 PM,10:50 PM,1:45 PM,9:00 AM
157,06-Jun,2:58 AM,3:03 AM,4:58 AM,1:08 PM,1:14 PM,6:47 PM,9:25 PM,9:28 PM,10:44 PM,4:30 AM,1:45 PM,7:00 PM,9:28 PM,10:50 PM,1:45 PM,9:00 AM
158,07-Jun,2:57 AM,3:02 AM,4:58 AM,1:08 PM,1:14 PM,6:47 PM,9:26 PM,9:29 PM,10:45 PM,4:30 AM,1:45 PM,7:00 PM,9:29 PM,11:00 PM,1:45 PM,9:00 AM
159,08-Jun,2:56 AM,3:01 AM,4:57 AM,1:09 PM,1:15 PM,6:48 PM,9:27 PM,9:30 PM,10:46 PM,4:30 AM,1:45 PM,7:00 PM,9:30 PM,11:00 PM,1:45 PM,9:00 AM
160,09-Jun,2:56 AM,3:01 AM,4:57 AM,1:09 PM,1:15 PM,6:48 PM,9:28 PM,9:31 PM,10:47 PM,4:30 AM,1:45 PM,7:00 PM,9:31 PM,11:00 PM,1:45 PM,9:00 AM
161,10-Jun,2:55 AM,3:00 AM,4:56 AM,1:09 PM,1:15 PM,6:49 PM,9:28 PM,9:31 PM,10:48 PM,4:30 AM,1:45 PM,7:00 PM,9:31 PM,11:00 PM,1:45 PM,9:00 AM
162,11-Jun,2:54 AM,2:59 AM,4:56 AM,1:09 PM,1:15 PM,6:49 PM,9:29 PM,9:32 PM,10:49 PM,4:30 AM,1:45 PM,7:00 PM,9:32 PM,11:00 PM,1:45 PM,9:00 AM
163,12-Jun,2:54 AM,2:59 AM,4:56 AM,1:09 PM,1:15 PM,6:50 PM,9:30 PM,9:33 PM,10:50 PM,4:30 AM,1:45 PM,7:00 PM,9:33 PM,11:00 PM,1:45 PM,9:00 AM
164,13-Jun,2:53 AM,2:58 AM,4:56 AM,1:10 PM,1:16 PM,6:50 PM,9:30 PM,9:33 PM,10:51 PM,4:30 AM,1:45 PM,7:00 PM,9:33 PM,11:00 PM,1:45 PM,9:00 AM
165,14-Jun,2:53 AM,2:58 AM,4:55 AM,1:10 PM,1:16 PM,6:50 PM,9:31 PM,9:34 PM,10:52 PM,4:30 AM,1:45 PM,7:00 PM,9:34 PM,11:00 PM,1:45 PM,9:00 AM
166,15-Jun,2:52 AM,2:57 AM,4:55 AM,1:10 PM,1:16 PM,6:50 PM,9:31 PM,9:34 PM,10:53 PM,4:30 AM,1:45 PM,7:00 PM,9:34 PM,11:00 PM,1:45 PM,9:00 AM
167,16-Jun,2:50 AM,2:55 AM,4:55 AM,1:10 PM,1:16 PM,6:51 PM,9:32 PM,9:35 PM,10:54 PM,4:30 AM,1:45 PM,7:00 PM,9:35 PM,11:00 PM,1:45 PM,9:00 AM
168,17-Jun,2:50 AM,2:55 AM,4:55 AM,1:10 PM,1:16 PM,6:51 PM,9:32 PM,9:35 PM,10:55 PM,4:30 AM,1:45 PM,7:00 PM,9:35 PM,11:00 PM,1:45 PM,9:00 AM
169,18-Jun,2:50 AM,2:55 AM,4:55 AM,1:11 PM,1:17 PM,6:52 PM,9:33 PM,9:36 PM,10:55 PM,4:30 AM,1:45 PM,7:00 PM,9:36 PM,11:00 PM,1:45 PM,9:00 AM
170,19-Jun,2:50 AM,2:55 AM,4:55 AM,1:11 PM,1:17 PM,6:52 PM,9:33 PM,9:36 PM,10:56 PM,4:30 AM,1:45 PM,7:00 PM,9:36 PM,11:00 PM,1:45 PM,9:00 AM
171,20-Jun,2:50 AM,2:55 AM,4:55 AM,1:11 PM,1:17 PM,6:52 PM,9:33 PM,9:36 PM,10:57 PM,4:30 AM,1:45 PM,7:00 PM,9:36 PM,11:00 PM,1:45 PM,9:00 AM
172,21-Jun,2:50 AM,2:55 AM,4:55 AM,1:11 PM,1:17 PM,6:52 PM,9:33 PM,9:36 PM,10:57 PM,4:30 AM,1:45 PM,7:00 PM,9:36 PM,11:00 PM,1:45 PM,9:00 AM
173,22-Jun,2:51 AM,2:56 AM,4:56 AM,1:11 PM,1:17 PM,6:53 PM,9:34 PM,9:37 PM,10:58 PM,4:30 AM,1:45 PM,7:00 PM,9:37 PM,11:00 PM,1:45 PM,9:00 AM
174,23-Jun,2:51 AM,2:56 AM,4:56 AM,1:12 PM,1:18 PM,6:53 PM,9:34 PM,9:37 PM,10:58 PM,4:30 AM,1:45 PM,7:00 PM,9:37 PM,11:00 PM,1:45 PM,9:00 AM
175,24-Jun,2:51 AM,2:56 AM,4:56 AM,1:12 PM,1:18 PM,6:53 PM,9:34 PM,9:37 PM,10:57 PM,4:30 AM,1:45 PM,7:00 PM,9:37 PM,11:00 PM,1:45 PM,9:00 AM
176,25-Jun,2:53 AM,2:57 AM,4:57 AM,1:12 PM,1:18 PM,6:53 PM,9:34 PM,9:37 PM,10:57 PM,4:30 AM,1:45 PM,7:00 PM,9:37 PM,11:00 PM,1:45 PM,9:00 AM
177,26-Jun,2:53 AM,2:58 AM,4:57 AM,1:12 PM,1:18 PM,6:53 PM,9:34 PM,9:37 PM,10:57 PM,4:30 AM,1:45 PM,7:00 PM,9:37 PM,11:00 PM,1:45 PM,9:00 AM
178,27-Jun,2:54 AM,2:59 AM,4:58 AM,1:13 PM,1:19 PM,6:53 PM,9:34 PM,9:37 PM,10:56 PM,4:30 AM,1:45 PM,7:00 PM,9:37 PM,11:00 PM,1:45 PM,9:00 AM
179,28-Jun,2:55 AM,3:00 AM,4:58 AM,1:13 PM,1:19 PM,6:53 PM,9:34 PM,9:37 PM,10:56 PM,4:30 AM,1:45 PM,7:00 PM,9:37 PM,11:00 PM,1:45 PM,9:00 AM
180,29-Jun,2:55 AM,3:00 AM,4:59 AM,1:13 PM,1:19 PM,6:53 PM,9:33 PM,9:36 PM,10:55 PM,4:30 AM,1:45 PM,7:00 PM,9:36 PM,11:00 PM,1:45 PM,9:00 AM
181,30-Jun,2:56 AM,3:01 AM,4:59 AM,1:13 PM,1:19 PM,6:53 PM,9:33 PM,9:36 PM,10:55 PM,4:30 AM,1:45 PM,7:00 PM,9:36 PM,11:00 PM,1:45 PM,9:00 AM
182,01-Jul,2:57 AM,3:02 AM,5:00 AM,1:13 PM,1:19 PM,6:53 PM,9:33 PM,9:23 PM,10:54 PM,4:30 AM,1:45 PM,7:00 PM,9:23 PM,11:00 PM,1:45 PM,9:00 AM
183,02-Jul,2:58 AM,3:03 AM,5:01 AM,1:14 PM,1:20 PM,6:53 PM,9:33 PM,9:24 PM,10:54 PM,4:30 AM,1:45 PM,7:00 PM,9:24 PM,11:00 PM,1:45 PM,9:00 AM
184,03-Jul,2:59 AM,3:04 AM,5:01 AM,1:14 PM,1:20 PM,6:53 PM,9:32 PM,9:25 PM,10:53 PM,4:30 AM,1:45 PM,7:00 PM,9:25 PM,11:00 PM,1:45 PM,9:00 AM
185,04-Jul,3:00 AM,3:05 AM,5:02 AM,1:14 PM,1:20 PM,6:53 PM,9:32 PM,9:26 PM,10:52 PM,4:30 AM,1:45 PM,7:00 PM,9:26 PM,11:00 PM,1:45 PM,9:00 AM
186,05-Jul,3:01 AM,3:06 AM,5:03 AM,1:14 PM,1:20 PM,6:53 PM,9:31 PM,9:27 PM,10:51 PM,4:30 AM,1:45 PM,7:00 PM,9:27 PM,11:00 PM,1:45 PM,9:00 AM
187,06-Jul,3:03 AM,3:08 AM,5:04 AM,1:14 PM,1:20 PM,6:52 PM,9:31 PM,9:28 PM,10:50 PM,4:30 AM,1:45 PM,7:00 PM,9:28 PM,11:00 PM,1:45 PM,9:00 AM
188,07-Jul,3:04 AM,3:09 AM,5:05 AM,1:14 PM,1:20 PM,6:52 PM,9:30 PM,9:29 PM,10:50 PM,4:30 AM,1:45 PM,7:00 PM,9:29 PM,11:00 PM,1:45 PM,9:00 AM
189,08-Jul,3:05 AM,3:10 AM,5:05 AM,1:15 PM,1:21 PM,6:52 PM,9:29 PM,9:30 PM,10:49 PM,4:30 AM,1:45 PM,7:00 PM,9:30 PM,11:00 PM,1:45 PM,9:00 AM
190,09-Jul,3:06 AM,3:11 AM,5:06 AM,1:15 PM,1:21 PM,6:52 PM,9:29 PM,9:31 PM,10:48 PM,4:30 AM,1:45 PM,7:00 PM,9:31 PM,11:00 PM,1:45 PM,9:00 AM
191,10-Jul,3:08 AM,3:13 AM,5:07 AM,1:15 PM,1:21 PM,6:51 PM,9:28 PM,9:31 PM,10:47 PM,4:30 AM,1:45 PM,7:00 PM,9:31 PM,11:00 PM,1:45 PM,9:00 AM
192,11-Jul,3:09 AM,3:14 AM,5:08 AM,1:15 PM,1:21 PM,6:51 PM,9:27 PM,9:32 PM,10:45 PM,4:30 AM,1:45 PM,7:00 PM,9:32 PM,11:00 PM,1:45 PM,9:00 AM
193,12-Jul,3:10 AM,3:15 AM,5:10 AM,1:15 PM,1:21 PM,6:51 PM,9:26 PM,9:33 PM,10:44 PM,4:40 AM,1:45 PM,7:00 PM,9:33 PM,10:50 PM,1:45 PM,9:00 AM
194,13-Jul,3:12 AM,3:17 AM,5:11 AM,1:15 PM,1:21 PM,6:50 PM,9:26 PM,9:33 PM,10:43 PM,4:40 AM,1:45 PM,7:00 PM,9:33 PM,10:50 PM,1:45 PM,9:00 AM
195,14-Jul,3:13 AM,3:18 AM,5:12 AM,1:15 PM,1:21 PM,6:50 PM,9:25 PM,9:34 PM,10:42 PM,4:40 AM,1:45 PM,7:00 PM,9:34 PM,10:50 PM,1:45 PM,9:00 AM
196,15-Jul,3:14 AM,3:19 AM,5:13 AM,1:15 PM,1:21 PM,6:50 PM,9:24 PM,9:34 PM,10:41 PM,4:40 AM,1:45 PM,7:00 PM,9:34 PM,10:50 PM,1:45 PM,9:00 AM
197,16-Jul,3:16 AM,3:21 AM,5:14 AM,1:15 PM,1:21 PM,6:49 PM,9:23 PM,9:35 PM,10:39 PM,4:40 AM,1:45 PM,7:00 PM,9:35 PM,10:50 PM,1:45 PM,9:00 AM
198,17-Jul,3:17 AM,3:22 AM,5:15 AM,1:16 PM,1:22 PM,6:48 PM,9:22 PM,9:35 PM,10:38 PM,4:40 AM,1:45 PM,7:00 PM,9:35 PM,10:50 PM,1:45 PM,9:00 AM
199,18-Jul,3:19 AM,3:24 AM,5:17 AM,1:16 PM,1:22 PM,6:47 PM,9:21 PM,9:36 PM,10:37 PM,4:40 AM,1:45 PM,7:00 PM,9:36 PM,10:50 PM,1:45 PM,9:00 AM
200,19-Jul,3:20 AM,3:25 AM,5:18 AM,1:16 PM,1:22 PM,6:47 PM,9:19 PM,9:36 PM,10:35 PM,4:50 AM,1:45 PM,7:00 PM,9:36 PM,10:40 PM,1:45 PM,9:00 AM
201,20-Jul,3:22 AM,3:27 AM,5:18 AM,1:16 PM,1:22 PM,6:46 PM,9:19 PM,9:36 PM,10:34 PM,4:50 AM,1:45 PM,7:00 PM,9:36 PM,10:40 PM,1:45 PM,9:00 AM
202,21-Jul,3:24 AM,3:29 AM,5:20 AM,1:16 PM,1:22 PM,6:46 PM,9:17 PM,9:36 PM,10:32 PM,4:50 AM,1:45 PM,7:00 PM,9:36 PM,10:40 PM,1:45 PM,9:00 AM
203,22-Jul,3:25 AM,3:30 AM,5:22 AM,1:16 PM,1:22 PM,6:45 PM,9:16 PM,9:37 PM,10:30 PM,4:50 AM,1:45 PM,7:00 PM,9:37 PM,10:40 PM,1:45 PM,9:00 AM
204,23-Jul,3:27 AM,3:32 AM,5:23 AM,1:16 PM,1:22 PM,6:44 PM,9:14 PM,9:37 PM,10:29 PM,4:50 AM,1:45 PM,7:00 PM,9:37 PM,10:40 PM,1:45 PM,9:00 AM
205,24-Jul,3:29 AM,3:34 AM,5:24 AM,1:16 PM,1:22 PM,6:43 PM,9:13 PM,9:37 PM,10:27 PM,4:50 AM,1:45 PM,7:00 PM,9:37 PM,10:40 PM,1:45 PM,9:00 AM
206,25-Jul,3:30 AM,3:35 AM,5:26 AM,1:16 PM,1:22 PM,6:43 PM,9:12 PM,9:37 PM,10:26 PM,4:50 AM,1:45 PM,7:00 PM,9:37 PM,10:40 PM,1:45 PM,9:00 AM
207,26-Jul,3:32 AM,3:37 AM,5:27 AM,1:16 PM,1:22 PM,6:42 PM,9:10 PM,9:37 PM,10:24 PM,5:00 AM,1:45 PM,7:00 PM,9:37 PM,10:30 PM,1:45 PM,9:00 AM
208,27-Jul,3:34 AM,3:39 AM,5:29 AM,1:16 PM,1:22 PM,6:41 PM,9:09 PM,9:37 PM,10:22 PM,5:00 AM,1:45 PM,7:00 PM,9:37 PM,10:30 PM,1:45 PM,9:00 AM
209,28-Jul,3:35 AM,3:40 AM,5:30 AM,1:16 PM,1:22 PM,6:40 PM,9:07 PM,9:37 PM,10:20 PM,5:00 AM,1:45 PM,7:00 PM,9:37 PM,10:30 PM,1:45 PM,9:00 AM
210,29-Jul,3:37 AM,3:42 AM,5:32 AM,1:16 PM,1:22 PM,6:40 PM,9:06 PM,9:36 PM,10:18 PM,5:00 AM,1:45 PM,7:00 PM,9:36 PM,10:30 PM,1:45 PM,9:00 AM
211,30-Jul,3:39 AM,3:44 AM,5:33 AM,1:16 PM,1:22 PM,6:39 PM,9:04 PM,9:36 PM,10:17 PM,5:00 AM,1:45 PM,7:00 PM,9:36 PM,10:30 PM,1:45 PM,9:00 AM
212,31-Jul,3:41 AM,3:46 AM,5:34 AM,1:16 PM,1:22 PM,6:37 PM,9:03 PM,9:36 PM,10:15 PM,5:00 AM,1:45 PM,7:00 PM,9:36 PM,10:30 PM,1:45 PM,9:00 AM
213,01-Aug,3:43 AM,3:48 AM,5:36 AM,1:16 PM,1:22 PM,6:36 PM,9:01 PM,9:04 PM,10:13 PM,5:00 AM,1:45 PM,7:00 PM,9:04 PM,10:30 PM,1:45 PM,9:00 AM
214,02-Aug,3:44 AM,3:49 AM,5:37 AM,1:16 PM,1:22 PM,6:35 PM,9:00 PM,9:03 PM,10:11 PM,5:10 AM,1:45 PM,7:00 PM,9:03 PM,10:20 PM,1:45 PM,9:00 AM
215,03-Aug,3:46 AM,3:51 AM,5:39 AM,1:16 PM,1:22 PM,6:34 PM,8:58 PM,9:01 PM,10:09 PM,5:10 AM,1:45 PM,7:00 PM,9:01 PM,10:20 PM,1:45 PM,9:00 AM
216,04-Aug,3:48 AM,3:53 AM,5:40 AM,1:16 PM,1:22 PM,6:33 PM,8:56 PM,8:59 PM,10:07 PM,5:10 AM,1:45 PM,7:00 PM,8:59 PM,10:20 PM,1:45 PM,9:00 AM
217,05-Aug,3:50 AM,3:55 AM,5:42 AM,1:16 PM,1:22 PM,6:32 PM,8:54 PM,8:57 PM,10:05 PM,5:10 AM,1:45 PM,7:00 PM,8:57 PM,10:20 PM,1:45 PM,9:00 AM
218,06-Aug,3:52 AM,3:57 AM,5:44 AM,1:15 PM,1:21 PM,6:31 PM,8:53 PM,8:56 PM,10:03 PM,5:10 AM,1:45 PM,7:00 PM,8:56 PM,10:20 PM,1:45 PM,9:00 AM
219,07-Aug,3:53 AM,3:58 AM,5:45 AM,1:15 PM,1:21 PM,6:30 PM,8:51 PM,8:54 PM,10:01 PM,5:10 AM,1:45 PM,7:00 PM,8:54 PM,10:20 PM,1:45 PM,9:00 AM
220,08-Aug,3:53 AM,4:00 AM,5:47 AM,1:15 PM,1:21 PM,6:29 PM,8:49 PM,8:52 PM,9:59 PM,5:10 AM,1:45 PM,7:00 PM,8:52 PM,10:20 PM,1:45 PM,9:00 AM
221,09-Aug,3:57 AM,4:02 AM,5:48 AM,1:15 PM,1:21 PM,6:27 PM,8:47 PM,8:50 PM,9:58 PM,5:20 AM,1:45 PM,7:00 PM,8:50 PM,10:10 PM,1:45 PM,9:00 AM
222,10-Aug,3:59 AM,4:04 AM,5:50 AM,1:15 PM,1:21 PM,6:26 PM,8:45 PM,8:48 PM,9:56 PM,5:20 AM,1:45 PM,7:00 PM,8:48 PM,10:10 PM,1:45 PM,9:00 AM
223,11-Aug,4:01 AM,4:06 AM,5:51 AM,1:15 PM,1:21 PM,6:25 PM,8:44 PM,8:47 PM,9:54 PM,5:20 AM,1:45 PM,7:00 PM,8:47 PM,10:10 PM,1:45 PM,9:00 AM
224,12-Aug,4:03 AM,4:08 AM,5:53 AM,1:15 PM,1:21 PM,6:24 PM,8:42 PM,8:45 PM,9:53 PM,5:20 AM,1:45 PM,7:00 PM,8:45 PM,10:10 PM,1:45 PM,9:00 AM
225,13-Aug,4:05 AM,4:10 AM,5:54 AM,1:15 PM,1:21 PM,6:23 PM,8:40 PM,8:43 PM,9:51 PM,5:20 AM,1:45 PM,7:00 PM,8:43 PM,10:10 PM,1:45 PM,9:00 AM
226,14-Aug,4:06 AM,4:11 AM,5:56 AM,1:14 PM,1:20 PM,6:22 PM,8:38 PM,8:41 PM,9:49 PM,5:20 AM,1:45 PM,7:00 PM,8:41 PM,10:10 PM,1:45 PM,9:00 AM
227,15-Aug,4:08 AM,4:13 AM,5:58 AM,1:14 PM,1:20 PM,6:20 PM,8:36 PM,8:39 PM,9:47 PM,5:20 AM,1:45 PM,7:00 PM,8:39 PM,10:10 PM,1:45 PM,9:00 AM
228,16-Aug,4:10 AM,4:15 AM,5:59 AM,1:14 PM,1:20 PM,6:18 PM,8:34 PM,8:37 PM,9:46 PM,5:30 AM,1:45 PM,7:00 PM,8:37 PM,10:00 PM,1:45 PM,9:00 AM
229,17-Aug,4:12 AM,4:17 AM,6:01 AM,1:14 PM,1:20 PM,6:17 PM,8:32 PM,8:35 PM,9:44 PM,5:30 AM,1:45 PM,7:00 PM,8:35 PM,10:00 PM,1:45 PM,9:00 AM
230,18-Aug,4:14 AM,4:19 AM,6:02 AM,1:13 PM,1:19 PM,6:15 PM,8:30 PM,8:33 PM,9:42 PM,5:30 AM,1:45 PM,7:00 PM,8:33 PM,10:00 PM,1:45 PM,9:00 AM
231,19-Aug,4:16 AM,4:21 AM,6:04 AM,1:13 PM,1:19 PM,6:14 PM,8:28 PM,8:31 PM,9:40 PM,5:30 AM,1:45 PM,7:00 PM,8:31 PM,10:00 PM,1:45 PM,9:00 AM
232,20-Aug,4:18 AM,4:23 AM,6:05 AM,1:13 PM,1:19 PM,6:12 PM,8:26 PM,8:29 PM,9:38 PM,5:30 AM,1:45 PM,7:00 PM,8:29 PM,10:00 PM,1:45 PM,9:00 AM
233,21-Aug,4:20 AM,4:25 AM,6:07 AM,1:13 PM,1:19 PM,6:11 PM,8:24 PM,8:27 PM,9:37 PM,5:30 AM,1:45 PM,7:00 PM,8:27 PM,10:00 PM,1:45 PM,9:00 AM
234,22-Aug,4:21 AM,4:26 AM,6:09 AM,1:12 PM,1:18 PM,6:09 PM,8:21 PM,8:24 PM,9:35 PM,5:30 AM,1:45 PM,7:00 PM,8:24 PM,10:00 PM,1:45 PM,9:00 AM
235,23-Aug,4:23 AM,4:28 AM,6:10 AM,1:12 PM,1:18 PM,6:08 PM,8:19 PM,8:22 PM,9:33 PM,5:40 AM,1:45 PM,7:00 PM,8:22 PM,9:45 PM,1:45 PM,9:00 AM
236,24-Aug,4:25 AM,4:30 AM,6:12 AM,1:12 PM,1:18 PM,6:06 PM,8:17 PM,8:20 PM,9:31 PM,5:40 AM,1:45 PM,6:45 PM,8:20 PM,9:45 PM,1:45 PM,9:00 AM
237,25-Aug,4:27 AM,4:32 AM,6:13 AM,1:12 PM,1:18 PM,6:04 PM,8:15 PM,8:18 PM,9:29 PM,5:40 AM,1:45 PM,6:45 PM,8:18 PM,9:45 PM,1:45 PM,9:00 AM
238,26-Aug,4:29 AM,4:34 AM,6:15 AM,1:11 PM,1:17 PM,6:03 PM,8:13 PM,8:16 PM,9:27 PM,5:40 AM,1:45 PM,6:45 PM,8:16 PM,9:45 PM,1:45 PM,9:00 AM
239,27-Aug,4:31 AM,4:36 AM,6:17 AM,1:11 PM,1:17 PM,6:01 PM,8:11 PM,8:14 PM,9:25 PM,5:40 AM,1:45 PM,6:45 PM,8:14 PM,9:45 PM,1:45 PM,9:00 AM
240,28-Aug,4:33 AM,4:38 AM,6:18 AM,1:11 PM,1:17 PM,6:01 PM,8:09 PM,8:12 PM,9:23 PM,5:40 AM,1:45 PM,6:45 PM,8:12 PM,9:45 PM,1:45 PM,9:00 AM
241,29-Aug,4:35 AM,4:40 AM,6:20 AM,1:11 PM,1:17 PM,6:00 PM,8:06 PM,8:09 PM,9:21 PM,5:40 AM,1:45 PM,6:45 PM,8:09 PM,9:45 PM,1:45 PM,9:00 AM
242,30-Aug,4:37 AM,4:42 AM,6:21 AM,1:10 PM,1:16 PM,5:57 PM,8:04 PM,8:07 PM,9:19 PM,5:50 AM,1:45 PM,6:45 PM,8:07 PM,9:30 PM,1:45 PM,9:00 AM
243,31-Aug,4:38 AM,4:43 AM,6:23 AM,1:10 PM,1:16 PM,5:55 PM,8:02 PM,8:05 PM,9:17 PM,5:50 AM,1:45 PM,6:45 PM,8:05 PM,9:30 PM,1:45 PM,9:00 AM
244,01-Sep,4:40 AM,4:45 AM,6:25 AM,1:10 PM,1:16 PM,5:53 PM,8:00 PM,8:03 PM,9:16 PM,5:50 AM,1:45 PM,6:45 PM,8:03 PM,9:30 PM,1:45 PM,9:00 AM
245,02-Sep,4:42 AM,4:47 AM,6:28 AM,1:09 PM,1:15 PM,5:51 PM,7:59 PM,8:02 PM,9:14 PM,5:50 AM,1:45 PM,6:30 PM,8:02 PM,9:30 PM,1:45 PM,9:00 AM
246,03-Sep,4:44 AM,4:49 AM,6:28 AM,1:09 PM,1:15 PM,5:49 PM,7:55 PM,7:58 PM,9:12 PM,5:50 AM,1:45 PM,6:30 PM,7:58 PM,9:30 PM,1:45 PM,9:00 AM
247,04-Sep,4:46 AM,4:51 AM,6:29 AM,1:09 PM,1:15 PM,5:48 PM,7:53 PM,7:56 PM,9:10 PM,5:50 AM,1:45 PM,6:30 PM,7:56 PM,9:30 PM,1:45 PM,9:00 AM
248,05-Sep,4:48 AM,4:53 AM,6:31 AM,1:08 PM,1:14 PM,5:46 PM,7:51 PM,7:54 PM,9:08 PM,5:50 AM,1:45 PM,6:30 PM,7:54 PM,9:30 PM,1:45 PM,9:00 AM
249,06-Sep,4:50 AM,4:55 AM,6:32 AM,1:08 PM,1:14 PM,5:44 PM,7:49 PM,7:52 PM,9:06 PM,6:00 AM,1:45 PM,6:30 PM,7:52 PM,9:15 PM,1:45 PM,9:00 AM
250,07-Sep,4:52 AM,4:57 AM,6:34 AM,1:08 PM,1:14 PM,5:42 PM,7:46 PM,7:49 PM,9:03 PM,6:00 AM,1:45 PM,6:15 PM,7:49 PM,9:15 PM,1:45 PM,9:00 AM
251,08-Sep,4:54 AM,4:59 AM,6:36 AM,1:07 PM,1:13 PM,5:40 PM,7:44 PM,7:47 PM,9:01 PM,6:00 AM,1:45 PM,6:15 PM,7:47 PM,9:15 PM,1:45 PM,9:00 AM
252,09-Sep,4:55 AM,5:00 AM,6:37 AM,1:07 PM,1:13 PM,5:39 PM,7:42 PM,7:45 PM,8:59 PM,6:00 AM,1:45 PM,6:15 PM,7:45 PM,9:15 PM,1:45 PM,9:00 AM
253,10-Sep,4:57 AM,5:02 AM,6:39 AM,1:07 PM,1:13 PM,5:37 PM,7:40 PM,7:43 PM,8:57 PM,6:00 AM,1:45 PM,6:15 PM,7:43 PM,9:15 PM,1:45 PM,9:00 AM
254,11-Sep,4:59 AM,5:04 AM,6:40 AM,1:06 PM,1:12 PM,5:35 PM,7:37 PM,7:40 PM,8:55 PM,6:00 AM,1:45 PM,6:15 PM,7:40 PM,9:15 PM,1:45 PM,9:00 AM
255,12-Sep,5:01 AM,5:06 AM,6:42 AM,1:06 PM,1:12 PM,5:35 PM,7:35 PM,7:38 PM,8:53 PM,6:00 AM,1:45 PM,6:15 PM,7:38 PM,9:15 PM,1:45 PM,9:00 AM
256,13-Sep,5:03 AM,5:08 AM,6:44 AM,1:05 PM,1:11 PM,5:31 PM,7:32 PM,7:35 PM,8:51 PM,6:15 AM,1:45 PM,6:15 PM,7:35 PM,9:00 PM,1:45 PM,9:00 AM
257,14-Sep,5:05 AM,5:10 AM,6:45 AM,1:05 PM,1:11 PM,5:29 PM,7:30 PM,7:33 PM,8:49 PM,6:15 AM,1:45 PM,6:00 PM,7:33 PM,9:00 PM,1:45 PM,9:00 AM
258,15-Sep,5:07 AM,5:12 AM,6:47 AM,1:05 PM,1:11 PM,5:27 PM,7:28 PM,7:31 PM,8:47 PM,6:15 AM,1:45 PM,6:00 PM,7:31 PM,9:00 PM,1:45 PM,9:00 AM
259,16-Sep,5:09 AM,5:14 AM,6:48 AM,1:04 PM,1:10 PM,5:25 PM,7:26 PM,7:29 PM,8:45 PM,6:15 AM,1:45 PM,6:00 PM,7:29 PM,9:00 PM,1:45 PM,9:00 AM
260,17-Sep,5:11 AM,5:16 AM,6:50 AM,1:04 PM,1:10 PM,5:23 PM,7:23 PM,7:26 PM,8:43 PM,6:15 AM,1:45 PM,6:00 PM,7:26 PM,9:00 PM,1:45 PM,9:00 AM
261,18-Sep,5:12 AM,5:17 AM,6:52 AM,1:04 PM,1:10 PM,5:22 PM,7:21 PM,7:24 PM,8:41 PM,6:15 AM,1:45 PM,6:00 PM,7:24 PM,9:00 PM,1:45 PM,9:00 AM
262,19-Sep,5:14 AM,5:19 AM,6:53 AM,1:03 PM,1:09 PM,5:20 PM,7:19 PM,7:22 PM,8:39 PM,6:15 AM,1:45 PM,6:00 PM,7:22 PM,9:00 PM,1:45 PM,9:00 AM
263,20-Sep,5:16 AM,5:21 AM,6:55 AM,1:03 PM,1:09 PM,5:18 PM,7:17 PM,7:20 PM,8:37 PM,6:30 AM,1:45 PM,6:00 PM,7:20 PM,8:45 PM,1:45 PM,9:00 AM
264,21-Sep,5:18 AM,5:23 AM,6:56 AM,1:03 PM,1:09 PM,5:16 PM,7:14 PM,7:17 PM,8:35 PM,6:30 AM,1:45 PM,5:45 PM,7:17 PM,8:45 PM,1:45 PM,9:00 AM
265,22-Sep,5:20 AM,5:25 AM,6:58 AM,1:02 PM,1:08 PM,5:14 PM,7:12 PM,7:15 PM,8:33 PM,6:30 AM,1:45 PM,5:45 PM,7:15 PM,8:45 PM,1:45 PM,9:00 AM
266,23-Sep,5:21 AM,5:26 AM,7:00 AM,1:02 PM,1:08 PM,5:12 PM,7:10 PM,7:13 PM,8:30 PM,6:30 AM,1:45 PM,5:45 PM,7:13 PM,8:45 PM,1:45 PM,9:00 AM
267,24-Sep,5:23 AM,5:28 AM,7:01 AM,1:02 PM,1:08 PM,5:10 PM,7:07 PM,7:10 PM,8:28 PM,6:30 AM,1:45 PM,5:45 PM,7:10 PM,8:45 PM,1:45 PM,9:00 AM
268,25-Sep,5:24 AM,5:29 AM,7:03 AM,1:01 PM,1:07 PM,5:08 PM,7:05 PM,7:08 PM,8:26 PM,6:30 AM,1:45 PM,5:45 PM,7:08 PM,8:45 PM,1:45 PM,9:00 AM
269,26-Sep,5:26 AM,5:31 AM,7:04 AM,1:01 PM,1:07 PM,5:08 PM,7:03 PM,7:06 PM,8:24 PM,6:30 AM,1:45 PM,5:45 PM,7:06 PM,8:45 PM,1:45 PM,9:00 AM
270,27-Sep,5:28 AM,5:33 AM,7:06 AM,1:01 PM,1:07 PM,5:06 PM,7:00 PM,7:03 PM,8:22 PM,6:40 AM,1:45 PM,5:45 PM,7:03 PM,8:30 PM,1:45 PM,9:00 AM
271,28-Sep,5:29 AM,5:34 AM,7:08 AM,1:00 PM,1:06 PM,5:02 PM,6:58 PM,7:01 PM,8:20 PM,6:40 AM,1:45 PM,5:45 PM,7:01 PM,8:30 PM,1:45 PM,9:00 AM
272,29-Sep,5:31 AM,5:36 AM,7:09 AM,1:00 PM,1:06 PM,5:00 PM,6:56 PM,6:59 PM,8:18 PM,6:40 AM,1:45 PM,5:45 PM,6:59 PM,8:30 PM,1:45 PM,9:00 AM
273,30-Sep,5:32 AM,5:37 AM,7:11 AM,1:00 PM,1:06 PM,4:58 PM,6:54 PM,6:57 PM,8:16 PM,6:40 AM,1:45 PM,5:45 PM,6:57 PM,8:30 PM,1:45 PM,9:00 AM
274,01-Oct,5:34 AM,5:39 AM,7:12 AM,12:59 PM,1:05 PM,4:56 PM,6:51 PM,6:54 PM,8:14 PM,6:40 AM,1:45 PM,5:45 PM,6:54 PM,8:30 PM,1:45 PM,9:00 AM
275,02-Oct,5:35 AM,5:40 AM,7:14 AM,12:59 PM,1:05 PM,4:54 PM,6:49 PM,6:52 PM,8:12 PM,6:40 AM,1:45 PM,5:05 PM,6:52 PM,8:30 PM,1:45 PM,9:00 AM
276,03-Oct,5:37 AM,5:42 AM,7:16 AM,12:59 PM,1:05 PM,4:52 PM,6:47 PM,6:50 PM,8:10 PM,6:40 AM,1:45 PM,5:05 PM,6:50 PM,8:30 PM,1:45 PM,9:00 AM
277,04-Oct,5:38 AM,5:43 AM,7:17 AM,12:58 PM,1:04 PM,4:50 PM,6:44 PM,6:47 PM,8:08 PM,6:45 AM,1:45 PM,5:05 PM,6:47 PM,8:30 PM,1:45 PM,9:00 AM
278,05-Oct,5:40 AM,5:45 AM,7:19 AM,12:58 PM,1:04 PM,4:48 PM,6:42 PM,6:45 PM,8:06 PM,6:45 AM,1:45 PM,5:05 PM,6:45 PM,8:30 PM,1:45 PM,9:00 AM
279,06-Oct,5:41 AM,5:46 AM,7:21 AM,12:58 PM,1:04 PM,4:46 PM,6:40 PM,6:43 PM,8:04 PM,6:45 AM,1:45 PM,5:05 PM,6:43 PM,8:30 PM,1:45 PM,9:00 AM
280,07-Oct,5:43 AM,5:48 AM,7:22 AM,12:57 PM,1:03 PM,4:44 PM,6:38 PM,6:41 PM,8:02 PM,6:45 AM,1:45 PM,5:05 PM,6:41 PM,8:30 PM,1:45 PM,9:00 AM
281,08-Oct,5:45 AM,5:50 AM,7:24 AM,12:57 PM,1:03 PM,4:42 PM,6:36 PM,6:39 PM,8:00 PM,6:45 AM,1:45 PM,5:05 PM,6:39 PM,8:30 PM,1:45 PM,9:00 AM
282,09-Oct,5:46 AM,5:51 AM,7:26 AM,12:57 PM,1:03 PM,4:40 PM,6:33 PM,6:36 PM,7:58 PM,6:45 AM,1:45 PM,5:05 PM,6:36 PM,8:30 PM,1:45 PM,9:00 AM
283,10-Oct,5:48 AM,5:53 AM,7:27 AM,12:57 PM,1:03 PM,4:38 PM,6:31 PM,6:34 PM,7:56 PM,6:45 AM,1:45 PM,5:05 PM,6:34 PM,8:30 PM,1:45 PM,9:00 AM
284,11-Oct,5:49 AM,5:54 AM,7:29 AM,12:57 PM,1:03 PM,4:36 PM,6:29 PM,6:32 PM,7:54 PM,6:50 AM,1:45 PM,5:05 PM,6:32 PM,8:30 PM,1:45 PM,9:00 AM
285,12-Oct,5:51 AM,5:56 AM,7:31 AM,12:56 PM,1:02 PM,4:34 PM,6:27 PM,6:30 PM,7:52 PM,6:50 AM,1:45 PM,5:05 PM,6:30 PM,8:30 PM,1:45 PM,9:00 AM
286,13-Oct,5:52 AM,5:57 AM,7:32 AM,12:56 PM,1:02 PM,4:32 PM,6:25 PM,6:28 PM,7:50 PM,6:50 AM,1:45 PM,5:05 PM,6:28 PM,8:30 PM,1:45 PM,9:00 AM
287,14-Oct,5:54 AM,5:59 AM,7:34 AM,12:56 PM,1:02 PM,4:30 PM,6:22 PM,6:25 PM,7:48 PM,6:50 AM,1:45 PM,5:05 PM,6:25 PM,8:30 PM,1:45 PM,9:00 AM
288,15-Oct,5:56 AM,6:01 AM,7:36 AM,12:55 PM,1:01 PM,4:28 PM,6:20 PM,6:23 PM,7:46 PM,6:50 AM,1:45 PM,5:05 PM,6:23 PM,8:30 PM,1:45 PM,9:00 AM
289,16-Oct,5:57 AM,6:02 AM,7:37 AM,12:55 PM,1:01 PM,4:26 PM,6:18 PM,6:21 PM,7:44 PM,6:50 AM,1:45 PM,5:05 PM,6:21 PM,8:30 PM,1:45 PM,9:00 AM
290,17-Oct,5:59 AM,6:04 AM,7:39 AM,12:55 PM,1:01 PM,4:24 PM,6:16 PM,6:19 PM,7:43 PM,6:50 AM,1:45 PM,5:05 PM,6:19 PM,8:30 PM,1:45 PM,9:00 AM
291,18-Oct,6:01 AM,6:06 AM,7:41 AM,12:55 PM,1:01 PM,4:22 PM,6:14 PM,6:17 PM,7:41 PM,7:00 AM,1:45 PM,5:05 PM,6:17 PM,8:15 PM,1:45 PM,9:00 AM
292,19-Oct,6:02 AM,6:07 AM,7:42 AM,12:54 PM,1:00 PM,4:20 PM,6:12 PM,6:15 PM,7:39 PM,7:00 AM,1:45 PM,5:05 PM,6:15 PM,8:15 PM,1:45 PM,9:00 AM
293,20-Oct,6:04 AM,6:09 AM,7:44 AM,12:54 PM,1:00 PM,4:18 PM,6:10 PM,6:13 PM,7:37 PM,7:00 AM,1:45 PM,5:05 PM,6:13 PM,8:15 PM,1:45 PM,9:00 AM
294,21-Oct,6:05 AM,6:10 AM,7:46 AM,12:54 PM,1:00 PM,4:16 PM,6:08 PM,6:11 PM,7:35 PM,7:00 AM,1:45 PM,5:05 PM,6:11 PM,8:15 PM,1:45 PM,9:00 AM
295,22-Oct,6:07 AM,6:12 AM,7:48 AM,12:54 PM,1:00 PM,4:15 PM,6:06 PM,6:09 PM,7:33 PM,7:00 AM,1:45 PM,5:05 PM,6:09 PM,8:15 PM,1:45 PM,9:00 AM
296,23-Oct,6:09 AM,6:14 AM,7:49 AM,12:54 PM,1:00 PM,4:13 PM,6:04 PM,6:07 PM,7:32 PM,7:00 AM,1:45 PM,5:05 PM,6:07 PM,8:15 PM,1:45 PM,9:00 AM
297,24-Oct,6:10 AM,6:15 AM,7:51 AM,12:54 PM,1:00 PM,4:11 PM,6:02 PM,6:05 PM,7:30 PM,7:00 AM,1:45 PM,5:05 PM,6:05 PM,8:15 PM,1:45 PM,9:00 AM
298,25-Oct,6:12 AM,6:17 AM,7:53 AM,12:54 PM,1:00 PM,4:09 PM,6:00 PM,6:03 PM,7:28 PM,7:00 AM,1:45 PM,5:05 PM,6:03 PM,8:15 PM,1:45 PM,9:00 AM
299,26-Oct,6:14 AM,6:19 AM,7:55 AM,12:53 PM,12:59 PM,4:07 PM,5:58 PM,6:01 PM,7:26 PM,7:00 AM,1:45 PM,5:05 PM,6:01 PM,8:15 PM,1:45 PM,9:00 AM
300,27-Oct,5:15 AM,5:20 AM,6:56 AM,11:53 AM,11:59 AM,3:05 PM,4:56 PM,4:59 PM,6:25 PM,6:30 AM,1:00 PM,3:30 PM,4:59 PM,7:00 PM,1:00 PM,9:00 AM
301,28-Oct,5:17 AM,5:22 AM,6:58 AM,11:53 AM,11:59 AM,3:04 PM,4:54 PM,4:57 PM,6:23 PM,6:30 AM,1:00 PM,3:30 PM,4:57 PM,7:00 PM,1:00 PM,9:00 AM
302,29-Oct,5:19 AM,5:24 AM,7:00 AM,11:53 AM,11:59 AM,3:02 PM,4:52 PM,4:55 PM,6:21 PM,6:30 AM,1:00 PM,3:30 PM,4:55 PM,7:00 PM,1:00 PM,9:00 AM
303,30-Oct,5:20 AM,5:25 AM,7:02 AM,11:53 AM,11:59 AM,3:00 PM,4:50 PM,4:53 PM,6:20 PM,6:30 AM,1:00 PM,3:30 PM,4:53 PM,7:00 PM,1:00 PM,9:00 AM
304,31-Oct,5:22 AM,5:27 AM,7:03 AM,11:53 AM,11:59 AM,2:58 PM,4:48 PM,4:51 PM,6:18 PM,6:30 AM,1:00 PM,3:30 PM,4:51 PM,7:00 PM,1:00 PM,9:00 AM
305,01-Nov,5:24 AM,5:29 AM,7:05 AM,11:53 AM,11:59 AM,2:57 PM,4:46 PM,4:49 PM,6:16 PM,6:40 AM,1:00 PM,3:15 PM,4:49 PM,6:45 PM,1:00 PM,9:00 AM
306,02-Nov,5:25 AM,5:30 AM,7:07 AM,11:53 AM,11:59 AM,2:55 PM,4:45 PM,4:48 PM,6:15 PM,6:40 AM,1:00 PM,3:15 PM,4:48 PM,6:45 PM,1:00 PM,9:00 AM
307,03-Nov,5:27 AM,5:32 AM,7:09 AM,11:53 AM,11:59 AM,2:53 PM,4:43 PM,4:46 PM,6:13 PM,6:40 AM,1:00 PM,3:15 PM,4:46 PM,6:45 PM,1:00 PM,9:00 AM
308,04-Nov,5:29 AM,5:34 AM,7:10 AM,11:53 AM,11:59 AM,2:52 PM,4:41 PM,4:44 PM,6:12 PM,6:40 AM,1:00 PM,3:15 PM,4:44 PM,6:45 PM,1:00 PM,9:00 AM
309,05-Nov,5:30 AM,5:35 AM,7:12 AM,11:53 AM,11:59 AM,2:50 PM,4:39 PM,4:42 PM,6:10 PM,6:40 AM,1:00 PM,3:15 PM,4:42 PM,6:45 PM,1:00 PM,9:00 AM
310,06-Nov,5:32 AM,5:37 AM,7:14 AM,11:53 AM,11:59 AM,2:48 PM,4:38 PM,4:41 PM,6:09 PM,6:40 AM,1:00 PM,3:15 PM,4:41 PM,6:45 PM,1:00 PM,9:00 AM
311,07-Nov,5:34 AM,5:39 AM,7:16 AM,11:53 AM,11:59 AM,2:48 PM,4:36 PM,4:39 PM,6:07 PM,6:40 AM,1:00 PM,3:15 PM,4:39 PM,6:45 PM,1:00 PM,9:00 AM
312,08-Nov,5:35 AM,5:40 AM,7:17 AM,11:53 AM,11:59 AM,2:45 PM,4:34 PM,4:37 PM,6:06 PM,6:45 AM,1:00 PM,3:15 PM,4:37 PM,6:45 PM,1:00 PM,9:00 AM
313,09-Nov,5:37 AM,5:42 AM,7:19 AM,11:53 AM,11:59 AM,2:44 PM,4:33 PM,4:36 PM,6:05 PM,6:45 AM,1:00 PM,3:00 PM,4:36 PM,6:45 PM,1:00 PM,9:00 AM
314,10-Nov,5:39 AM,5:44 AM,7:21 AM,11:53 AM,11:59 AM,2:42 PM,4:31 PM,4:34 PM,6:03 PM,6:45 AM,1:00 PM,3:00 PM,4:34 PM,6:45 PM,1:00 PM,9:00 AM
315,11-Nov,5:40 AM,5:45 AM,7:23 AM,11:54 AM,12:00 PM,2:41 PM,4:30 PM,4:33 PM,6:02 PM,6:45 AM,1:00 PM,3:00 PM,4:33 PM,6:45 PM,1:00 PM,9:00 AM
316,12-Nov,5:42 AM,5:47 AM,7:24 AM,11:54 AM,12:00 PM,2:40 PM,4:28 PM,4:31 PM,6:01 PM,6:45 AM,1:00 PM,3:00 PM,4:31 PM,6:45 PM,1:00 PM,9:00 AM
317,13-Nov,5:44 AM,5:49 AM,7:26 AM,11:54 AM,12:00 PM,2:38 PM,4:27 PM,4:30 PM,6:00 PM,6:45 AM,1:00 PM,3:00 PM,4:30 PM,6:45 PM,1:00 PM,9:00 AM
318,14-Nov,5:45 AM,5:50 AM,7:28 AM,11:54 AM,12:00 PM,2:37 PM,4:25 PM,4:28 PM,5:58 PM,6:45 AM,1:00 PM,3:00 PM,4:28 PM,6:45 PM,1:00 PM,9:00 AM
319,15-Nov,5:47 AM,5:52 AM,7:30 AM,11:54 AM,12:00 PM,2:36 PM,4:24 PM,4:27 PM,5:57 PM,6:50 AM,1:00 PM,3:00 PM,4:27 PM,6:45 PM,1:00 PM,9:00 AM
320,16-Nov,5:48 AM,5:53 AM,7:31 AM,11:54 AM,12:00 PM,2:34 PM,4:23 PM,4:26 PM,5:56 PM,6:50 AM,1:00 PM,3:00 PM,4:26 PM,6:45 PM,1:00 PM,9:00 AM
321,17-Nov,5:50 AM,5:55 AM,7:33 AM,11:54 AM,12:00 PM,2:33 PM,4:21 PM,4:24 PM,5:55 PM,6:50 AM,1:00 PM,3:00 PM,4:24 PM,6:45 PM,1:00 PM,9:00 AM
322,18-Nov,5:52 AM,5:57 AM,7:35 AM,11:55 AM,12:01 PM,2:32 PM,4:20 PM,4:23 PM,5:54 PM,6:50 AM,1:00 PM,3:00 PM,4:23 PM,6:45 PM,1:00 PM,9:00 AM
323,19-Nov,5:53 AM,5:58 AM,7:36 AM,11:55 AM,12:01 PM,2:31 PM,4:19 PM,4:22 PM,5:53 PM,6:50 AM,1:00 PM,3:00 PM,4:22 PM,6:45 PM,1:00 PM,9:00 AM
324,20-Nov,5:55 AM,6:00 AM,7:38 AM,11:55 AM,12:01 PM,2:30 PM,4:18 PM,4:21 PM,5:52 PM,6:50 AM,1:00 PM,3:00 PM,4:21 PM,6:45 PM,1:00 PM,9:00 AM
325,21-Nov,5:56 AM,6:01 AM,7:40 AM,11:55 AM,12:01 PM,2:29 PM,4:16 PM,4:19 PM,5:51 PM,6:50 AM,1:00 PM,3:00 PM,4:19 PM,6:45 PM,1:00 PM,9:00 AM
326,22-Nov,5:58 AM,6:03 AM,7:41 AM,11:56 AM,12:02 PM,2:28 PM,4:15 PM,4:18 PM,5:50 PM,6:50 AM,1:00 PM,3:00 PM,4:18 PM,6:45 PM,1:00 PM,9:00 AM
327,23-Nov,5:59 AM,6:04 AM,7:43 AM,11:56 AM,12:02 PM,2:27 PM,4:14 PM,4:17 PM,5:49 PM,6:50 AM,1:00 PM,3:00 PM,4:17 PM,6:45 PM,1:00 PM,9:00 AM
328,24-Nov,6:01 AM,6:06 AM,7:44 AM,11:56 AM,12:02 PM,2:26 PM,4:13 PM,4:16 PM,5:49 PM,6:50 AM,1:00 PM,3:00 PM,4:16 PM,6:45 PM,1:00 PM,9:00 AM
329,25-Nov,6:02 AM,6:07 AM,7:46 AM,11:56 AM,12:02 PM,2:25 PM,4:12 PM,4:15 PM,5:48 PM,6:50 AM,1:00 PM,3:00 PM,4:15 PM,6:45 PM,1:00 PM,9:00 AM
330,26-Nov,6:04 AM,6:09 AM,7:48 AM,11:57 AM,12:03 PM,2:24 PM,4:11 PM,4:14 PM,5:47 PM,6:50 AM,1:00 PM,3:00 PM,4:14 PM,6:45 PM,1:00 PM,9:00 AM
331,27-Nov,6:05 AM,6:10 AM,7:49 AM,11:57 AM,12:03 PM,2:23 PM,4:11 PM,4:14 PM,5:47 PM,6:50 AM,1:00 PM,3:00 PM,4:14 PM,6:45 PM,1:00 PM,9:00 AM
332,28-Nov,6:07 AM,6:12 AM,7:51 AM,11:57 AM,12:03 PM,2:23 PM,4:10 PM,4:13 PM,5:46 PM,6:50 AM,1:00 PM,3:00 PM,4:13 PM,6:45 PM,1:00 PM,9:00 AM
333,29-Nov,6:08 AM,6:13 AM,7:52 AM,11:58 AM,12:04 PM,2:22 PM,4:09 PM,4:12 PM,5:46 PM,6:50 AM,1:00 PM,3:00 PM,4:12 PM,6:45 PM,1:00 PM,9:00 AM
334,30-Nov,6:09 AM,6:14 AM,7:53 AM,11:58 AM,12:04 PM,2:21 PM,4:08 PM,4:11 PM,5:45 PM,6:50 AM,1:00 PM,3:00 PM,4:11 PM,6:45 PM,1:00 PM,9:00 AM
335,01-Dec,6:11 AM,6:16 AM,7:55 AM,11:59 AM,12:05 PM,2:21 PM,4:08 PM,4:11 PM,5:45 PM,6:50 AM,1:00 PM,3:00 PM,4:11 PM,6:45 PM,1:00 PM,9:00 AM
336,02-Dec,6:12 AM,6:17 AM,7:56 AM,11:59 AM,12:05 PM,2:20 PM,4:07 PM,4:10 PM,5:44 PM,6:50 AM,1:00 PM,3:00 PM,4:10 PM,6:45 PM,1:00 PM,9:00 AM
337,03-Dec,6:13 AM,6:18 AM,7:58 AM,11:59 AM,12:05 PM,2:20 PM,4:06 PM,4:09 PM,5:44 PM,6:50 AM,1:00 PM,3:00 PM,4:09 PM,6:45 PM,1:00 PM,9:00 AM
338,04-Dec,6:15 AM,6:20 AM,7:59 AM,12:00 PM,12:06 PM,2:19 PM,4:06 PM,4:09 PM,5:44 PM,6:50 AM,1:00 PM,3:00 PM,4:09 PM,6:45 PM,1:00 PM,9:00 AM
339,05-Dec,6:16 AM,6:21 AM,8:00 AM,12:00 PM,12:06 PM,2:19 PM,4:05 PM,4:08 PM,5:43 PM,6:50 AM,1:00 PM,3:00 PM,4:08 PM,6:45 PM,1:00 PM,9:00 AM
340,06-Dec,6:17 AM,6:22 AM,8:01 AM,12:00 PM,12:06 PM,2:19 PM,4:05 PM,4:08 PM,5:43 PM,7:00 AM,1:00 PM,3:00 PM,4:08 PM,6:45 PM,1:00 PM,9:00 AM
341,07-Dec,6:18 AM,6:23 AM,8:03 AM,12:01 PM,12:07 PM,2:18 PM,4:05 PM,4:08 PM,5:43 PM,7:00 AM,1:00 PM,3:00 PM,4:08 PM,6:45 PM,1:00 PM,9:00 AM
342,08-Dec,6:19 AM,6:24 AM,8:04 AM,12:01 PM,12:07 PM,2:18 PM,4:04 PM,4:07 PM,5:43 PM,7:00 AM,1:00 PM,3:00 PM,4:07 PM,6:45 PM,1:00 PM,9:00 AM
343,09-Dec,6:20 AM,6:25 AM,8:05 AM,12:02 PM,12:08 PM,2:18 PM,4:04 PM,4:07 PM,5:43 PM,7:00 AM,1:00 PM,3:00 PM,4:07 PM,6:45 PM,1:00 PM,9:00 AM
344,10-Dec,6:21 AM,6:26 AM,8:06 AM,12:02 PM,12:08 PM,2:18 PM,4:04 PM,4:07 PM,5:43 PM,7:00 AM,1:00 PM,3:00 PM,4:07 PM,6:45 PM,1:00 PM,9:00 AM
345,11-Dec,6:22 AM,6:27 AM,8:07 AM,12:03 PM,12:09 PM,2:18 PM,4:04 PM,4:07 PM,5:43 PM,7:00 AM,1:00 PM,3:00 PM,4:07 PM,6:45 PM,1:00 PM,9:00 AM
346,12-Dec,6:23 AM,6:28 AM,8:08 AM,12:03 PM,12:09 PM,2:18 PM,4:04 PM,4:07 PM,5:43 PM,7:00 AM,1:00 PM,3:00 PM,4:07 PM,6:45 PM,1:00 PM,9:00 AM
347,13-Dec,6:24 AM,6:29 AM,8:09 AM,12:04 PM,12:10 PM,2:18 PM,4:04 PM,4:07 PM,5:44 PM,7:00 AM,1:00 PM,3:00 PM,4:07 PM,6:45 PM,1:00 PM,9:00 AM
348,14-Dec,6:25 AM,6:30 AM,8:10 AM,12:04 PM,12:10 PM,2:18 PM,4:04 PM,4:07 PM,5:44 PM,7:00 AM,1:00 PM,3:00 PM,4:07 PM,6:45 PM,1:00 PM,9:00 AM
349,15-Dec,6:25 AM,6:30 AM,8:11 AM,12:05 PM,12:11 PM,2:18 PM,4:04 PM,4:07 PM,5:44 PM,7:00 AM,1:00 PM,3:00 PM,4:07 PM,6:45 PM,1:00 PM,9:00 AM
350,16-Dec,6:26 AM,6:31 AM,8:12 AM,12:06 PM,12:12 PM,2:18 PM,4:04 PM,4:07 PM,5:45 PM,7:00 AM,1:00 PM,3:00 PM,4:07 PM,6:45 PM,1:00 PM,9:00 AM
351,17-Dec,6:27 AM,6:32 AM,8:13 AM,12:06 PM,12:12 PM,2:19 PM,4:04 PM,4:07 PM,5:45 PM,7:00 AM,1:00 PM,3:00 PM,4:07 PM,6:45 PM,1:00 PM,9:00 AM
352,18-Dec,6:27 AM,6:32 AM,8:13 AM,12:07 PM,12:13 PM,2:19 PM,4:05 PM,4:08 PM,5:45 PM,7:00 AM,1:00 PM,3:00 PM,4:08 PM,6:45 PM,1:00 PM,9:00 AM
353,19-Dec,6:28 AM,6:33 AM,8:14 AM,12:07 PM,12:13 PM,2:19 PM,4:05 PM,4:08 PM,5:45 PM,7:00 AM,1:00 PM,3:00 PM,4:08 PM,6:45 PM,1:00 PM,9:00 AM
354,20-Dec,6:29 AM,6:34 AM,8:15 AM,12:07 PM,12:13 PM,2:19 PM,4:05 PM,4:08 PM,5:46 PM,7:00 AM,1:00 PM,3:00 PM,4:08 PM,6:45 PM,1:00 PM,9:00 AM
355,21-Dec,6:29 AM,6:34 AM,8:15 AM,12:08 PM,12:14 PM,2:20 PM,4:06 PM,4:09 PM,5:46 PM,7:00 AM,1:00 PM,3:00 PM,4:09 PM,6:45 PM,1:00 PM,9:00 AM
356,22-Dec,6:30 AM,6:35 AM,8:16 AM,12:09 PM,12:15 PM,2:20 PM,4:06 PM,4:09 PM,5:47 PM,7:00 AM,1:00 PM,3:00 PM,4:09 PM,6:45 PM,1:00 PM,9:00 AM
357,23-Dec,6:30 AM,6:35 AM,8:16 AM,12:09 PM,12:15 PM,2:21 PM,4:07 PM,4:10 PM,5:47 PM,7:00 AM,1:00 PM,3:00 PM,4:10 PM,6:45 PM,1:00 PM,9:00 AM
358,24-Dec,6:31 AM,6:36 AM,8:17 AM,12:10 PM,12:16 PM,2:21 PM,4:08 PM,4:11 PM,5:48 PM,7:00 AM,1:00 PM,3:00 PM,4:11 PM,6:45 PM,1:00 PM,9:00 AM
359,25-Dec,6:31 AM,6:36 AM,8:17 AM,12:10 PM,12:16 PM,2:22 PM,4:08 PM,4:11 PM,5:49 PM,7:00 AM,1:00 PM,3:00 PM,4:11 PM,6:45 PM,1:00 PM,9:00 AM
360,26-Dec,6:31 AM,6:36 AM,8:17 AM,12:11 PM,12:17 PM,2:23 PM,4:09 PM,4:12 PM,5:49 PM,7:00 AM,1:00 PM,3:00 PM,4:12 PM,6:45 PM,1:00 PM,9:00 AM
361,27-Dec,6:32 AM,6:37 AM,8:17 AM,12:11 PM,12:17 PM,2:24 PM,4:10 PM,4:13 PM,5:50 PM,7:00 AM,1:00 PM,3:00 PM,4:13 PM,6:45 PM,1:00 PM,9:00 AM
362,28-Dec,6:32 AM,6:37 AM,8:18 AM,12:12 PM,12:18 PM,2:25 PM,4:10 PM,4:13 PM,5:51 PM,7:00 AM,1:00 PM,3:00 PM,4:13 PM,6:45 PM,1:00 PM,9:00 AM
363,29-Dec,6:32 AM,6:37 AM,8:18 AM,12:12 PM,12:18 PM,2:26 PM,4:11 PM,4:14 PM,5:52 PM,7:00 AM,1:00 PM,3:00 PM,4:14 PM,6:45 PM,1:00 PM,9:00 AM
364,30-Dec,6:32 AM,6:37 AM,8:18 AM,12:12 PM,12:18 PM,2:26 PM,4:12 PM,4:15 PM,5:53 PM,7:00 AM,1:00 PM,3:00 PM,4:15 PM,6:45 PM,1:00 PM,9:00 AM
365,31-Dec,6:32 AM,6:37 AM,8:18 AM,12:12 PM,12:18 PM,2:27 PM,4:13 PM,4:16 PM,5:54 PM,7:00 AM,1:00 PM,3:00 PM,4:16 PM,6:45 PM,1:00 PM,9:00 AM
